,ANAT,DIAG
2595339,2777,0001980
2595342,7100,0002389
2595344,346,0000955
2595347,150,0002040
2595351,295,0001893
2595357,477,0002410
2595359,186,0001072
2595360,1535,0000992
2595361,1840,0000949
2595363,084,0000178
2595365,3459,0002606
2595366,440,0002066
2595368,1649,0001533
2595369,1535,0002368
2595370,365,0000941
2595371,4461,0001530
2595375,340,0002673
2595376,365,0001771
2595377,340,0002944
2595378,7100,0001017
2595381,346,0002519
2595384,7159,0001463
2595385,52100,0001831
2595386,7159,0001469
2595389,346,0001771
2595390,2189,0001300
2595392,0309,0001463
2595395,3320,0001890
2595396,477,0001724
2595397,2859,0001744
2595398,5234,0001597
2595400,1490,0001736
2595401,2777,0001013
2595404,1874,0002097
2595405,340,0001905
2595406,2564,0001235
2595407,3320,0001908
2595408,185,0002371
2595409,3320,0002439
2595410,29680,0001088
2595415,1619,0003126
2595416,346,0001643
2595417,5569,0001365
2595419,1874,0002356
2595425,2396,0001650
2595426,1535,0001361
2595427,1840,0002382
2595428,5790,0002107
2595430,3310,0002148
2595435,7100,0002521
2595438,295,0002148
2595440,7159,0000982
2595441,3320,0002285
2595443,7159,0002516
2595444,1922,0002362
2595445,1909,0001724
2595446,7140,0001827
2595448,084,0001986
2595449,3459,0001723
2595450,0309,0000026
2595451,7140,0001818
2595452,1429,0001650
2595454,3320,0001460
2595455,1640,0002046
2595456,6960,0001488
2595457,7159,0000978
2595459,1361,0002060
2595460,2990,0000970
2595466,440,0001620
2595467,1519,0002017
2595468,440,0001986
2595470,2189,0003216
2595471,340,0001021
2595473,2396,0001891
2595474,5859,0002386
2595475,303,0002148
2595477,186,0000991
2595478,387,0001647
2595479,2449,0001437
2595480,99791,0001759
2595487,7159,0001365
2595489,410,0002082
2595491,3470,0000011
2595493,477,0003126
2595494,99791,0002494
2595498,1840,0000996
2595499,2859,0001037
2595500,188,0001088
2595506,1874,0000029
2595507,7200,0001488
2595513,157,0000211
2595514,6960,0002387
2595517,188,0001300
2595520,410,0002494
2595521,157,0001640
2595522,440,0001637
2595523,1519,0002466
2595524,295,0002368
2595527,2859,0001980
2595529,36250,0001796
2595530,1940,0001348
2595531,1909,0001679
2595532,5790,0002414
2595535,2396,0001846
2595539,1830,0002371
2595542,1361,0000970
2595545,0309,0001089
2595546,36250,0000482
2595549,1490,0001532
2595550,99791,0001649
2595552,5920,0001224
2595553,5716,0000483
2595557,179,0000992
2595558,2777,0001637
2595560,27800,0002385
2595561,52100,0002397
2595565,1429,0000974
2595567,3310,0001890
2595568,440,0001070
2595569,150,0003126
2595572,2396,0000988
2595573,1619,0002046
2595575,1490,0000029
2595578,3320,0000033
2595579,7100,0001090
2595580,2396,0001896
2595582,2859,0002385
2595583,7100,0001103
2595584,7140,0001465
2595586,5859,0001007
2595587,5859,0001404
2595588,1429,0001456
2595593,1892,0000057
2595595,3470,0000955
2595597,7140,0001485
2595599,340,0001645
2595601,295,0001705
2595603,185,0001000
2595604,3459,0001759
2595606,295,0001771
2595608,1844,0000997
2595609,1490,0000033
2595610,346,0001989
2595611,5859,0001148
2595613,365,0001697
2595614,1909,0001827
2595617,2396,0001677
2595621,1640,0000977
2595622,5770,0001007
2595624,1552,0002294
2595627,1640,0002081
2595628,6960,0001130
2595629,2396,0001532
2595631,1909,0001769
2595632,1535,0002378
2595634,1909,0002500
2595635,99791,0001530
2595637,2859,0001914
2595639,5569,0002439
2595641,99791,0001140
2595642,3459,0002037
2595644,2859,0001463
2595646,2396,0002368
2595647,3459,0001690
2595648,1830,0001638
2595649,2990,0002037
2595650,1940,0001638
2595651,5859,0004535
2595652,2189,0000996
2595653,303,0000011
2595654,74910,0001037
2595655,2859,0001969
2595656,73300,0001684
2595657,2777,0001398
2595658,2990,0001037
2595660,1490,0001676
2595661,7200,0002205
2595662,185,0001008
2595664,1361,0002097
2595670,410,0000975
2595672,1560,0000483
2595673,340,0000959
2595674,0309,0001691
2595676,3459,0000033
2595677,295,0002275
2595678,303,0001836
2595679,7200,0002481
2595682,2859,0001437
2595683,7140,0002418
2595684,5569,0002356
2595685,4461,0002387
2595686,2449,0000007
2595687,3459,0003129
2595690,0461,0001744
2595692,2189,0002411
2595698,7100,0001365
2595699,346,0001535
2595700,53085,0000483
2595702,7100,0001705
2595703,36250,0001697
2595705,179,0002512
2595707,303,0000473
2595708,2189,0001637
2595709,2189,0000042
2595711,1361,0001638
2595712,99791,0002113
2595715,295,0001905
2595717,0309,0001981
2595718,27800,0002204
2595719,1922,0000974
2595721,346,0002377
2595723,2564,0002368
2595724,74910,0002515
2595725,27400,0001461
2595726,7100,0002523
2595727,5790,0000482
2595729,0461,0001017
2595731,1552,0001193
2595733,3320,0002037
2595734,186,0000922
2595735,36250,0001786
2595737,410,0001529
2595738,1649,0001529
2595739,74910,0001597
2595741,5920,0001228
2595746,303,0000955
2595747,186,0003889
2595748,1830,0002450
2595749,5569,0002017
2595750,1519,0001135
2595752,7159,0002413
2595753,1649,0001587
2595754,1922,0001535
2595755,1521,0002439
2595756,387,0001846
2595757,186,0000992
2595759,5234,0002384
2595760,1429,0001723
2595763,477,0001037
2595765,1840,0002356
2595766,5859,0001494
2595767,340,0001322
2595768,150,0001135
2595769,2990,0001007
2595776,1521,0001744
2595777,2990,0000988
2595779,33520,0002102
2595781,33520,0001650
2595782,2396,0001070
2595785,1649,0002371
2595789,2990,0001456
2595790,74910,0001734
2595791,0309,0001647
2595792,33520,0001723
2595793,5859,0001132
2595794,179,0000996
2595798,1909,0001702
2595799,3320,0000010
2595800,27800,0002369
2595801,2189,0001135
2595804,084,0002113
2595806,6960,0002398
2595807,33520,0002413
2595810,2396,0001643
2595813,1830,0002512
2595815,33520,0001021
2595816,150,0002048
2595817,36250,0001773
2595819,5770,0001064
2595820,70401,0001037
2595822,2777,0002405
2595823,29680,0001089
2595824,2396,0002707
2595825,410,0001516
2595826,440,0000989
2595828,346,0001456
2595829,2396,0001886
2595830,410,0001406
2595834,7140,0001470
2595835,1640,0002390
2595836,99791,0001398
2595839,70901,0001702
2595840,3470,0002275
2595841,440,0002060
2595842,1361,0000997
2595844,1892,0002113
2595845,1922,0002414
2595847,185,0000473
2595848,31401,0002410
2595849,3320,0001577
2595853,3320,0002387
2595854,295,0001643
2595856,365,0000970
2595857,150,0002407
2595860,3470,0001771
2595861,185,0000029
2595864,157,0001064
2595865,2396,0001647
2595870,1429,0002384
2595871,1519,0000211
2595873,295,0001017
2595874,5770,0001264
2595875,179,0000042
2595877,1830,0001295
2595880,1560,0001264
2595882,2449,0002516
2595886,29680,0002037
2595887,2859,0001007
2595890,99791,0001135
2595893,1490,0001597
2595894,1429,0001821
2595895,1361,0001017
2595898,365,0001986
2595901,346,0002361
2595902,346,0001636
2595904,1490,0001352
2595907,3320,0001887
2595909,36250,0001985
2595911,1940,0001140
2595912,410,0001398
2595914,53085,0002365
2595916,7200,0001465
2595917,33394,0000955
2595919,6960,0001484
2595922,3459,0002129
2595923,1922,0001785
2595924,084,0002405
2595925,387,0002282
2595929,0309,0001322
2595936,365,0001776
2595937,1649,0002016
2595938,1490,0000483
2595941,74910,0003685
2595943,5234,0000974
2595944,387,0002226
2595946,2990,0002129
2595951,1361,0002012
2595957,7140,0001463
2595961,410,0002523
2595962,440,0001404
2595963,150,0000483
2595965,99791,0004535
2595966,99791,0001000
2595967,157,0002466
2595969,5790,0002466
2595971,3470,0002707
2595972,1830,0000922
2595974,7159,0002497
2595975,73300,0001710
2595977,2396,0002500
2595978,1490,0001831
2595979,7140,0002481
2595980,1640,0002012
2595981,1361,0002298
2595982,1922,0001886
2595986,2396,0001638
2595988,2396,0001017
2595990,7100,0002097
2595991,179,0003889
2595994,74910,0002418
2595995,340,0002707
2595996,2396,0001986
2595997,0461,0002363
2595999,188,0002385
2596002,1519,0000483
2596003,1922,0002606
2596004,73300,0002347
2596009,5569,0002294
2596012,74910,0001818
2596013,477,0000011
2596014,1844,0000057
2596022,2449,0000991
2596025,346,0001627
2596026,1429,0001691
2596028,179,0001008
2596029,1519,0002368
2596030,5770,0000178
2596036,1649,0001103
2596037,1560,0002110
2596038,3051,0001891
2596039,99791,0002386
2596041,1429,0001833
2596044,3470,0001891
2596052,99791,0001285
2596058,2189,0002030
2596060,346,0001021
2596061,5790,0002384
2596062,70901,0001711
2596063,99791,0002450
2596064,365,0000966
2596066,4461,0001394
2596067,33520,0000010
2596068,1429,0000482
2596073,1940,0001072
2596075,3320,0000955
2596076,1490,0003126
2596077,340,0001323
2596079,1640,0000007
2596081,33520,0002037
2596086,51631,0001004
2596087,1519,0001194
2596088,3320,0001896
2596091,1922,0002361
2596096,1552,0000922
2596097,440,0002107
2596098,185,0002367
2596099,1909,0001620
2596101,1560,0002107
2596102,440,0001406
2596104,99791,0001638
2596105,7200,0002137
2596109,7140,0001090
2596110,7140,0001744
2596113,477,0001004
2596118,1619,0001737
2596119,387,0000043
2596120,1619,0002418
2596122,387,0001352
2596125,4461,0002097
2596128,99791,0001981
2596129,1519,0002107
2596130,53085,0001970
2596131,5770,0002365
2596136,5859,0000946
2596137,33394,0002378
2596139,1429,0001567
2596140,303,0001148
2596141,365,0001711
2596144,410,0000948
2596145,346,0001908
2596146,3459,0002130
2596147,410,0002099
2596148,6060,0000999
2596149,1909,0000970
2596153,157,0002110
2596154,1922,0001896
2596156,2859,0002516
2596158,2777,0000989
2596161,1830,0000995
2596162,27400,0001365
2596163,2449,0004535
2596164,1874,0001821
2596165,2859,0000946
2596167,99791,0000011
2596169,1909,0001825
2596170,1490,0001650
2596171,365,0001620
2596172,5859,0000056
2596174,0309,0001323
2596175,2564,0000995
2596176,1840,0000483
2596177,99791,0002351
2596179,2396,0002028
2596180,33520,0001884
2596183,7140,0002398
2596186,6960,0001490
2596187,7140,0002205
2596191,410,0002146
2596192,1649,0002081
2596195,1909,0000941
2596196,1649,0001759
2596197,2189,0000993
2596199,7100,0000946
2596200,0461,0000955
2596201,99791,0002410
2596202,1909,0003129
2596204,303,0000178
2596206,179,0001296
2596209,7100,0004452
2596211,99791,0001017
2596212,7200,0001676
2596213,0461,0002240
2596220,5920,0000056
2596221,340,0001896
2596222,1909,0001760
2596223,340,0001577
2596226,3320,0002707
2596227,4461,0002523
2596232,5790,0001007
2596233,2396,0000941
2596235,1490,0001744
2596236,7159,0001479
2596237,1940,0001237
2596240,33520,0002240
2596243,7140,0002387
2596245,295,0002673
2596246,5790,0001135
2596249,1490,0001678
2596250,1519,0001744
2596251,73300,0002228
2596258,2859,0002107
2596260,7159,0001470
2596261,74910,0001690
2596263,3310,0001981
2596264,1922,0000988
2596266,185,0000989
2596267,3051,0000955
2596271,477,0002097
2596273,1535,0001135
2596275,7100,0000977
2596276,295,0001891
2596277,7159,0001486
2596278,1830,0000993
2596280,1922,0001815
2596283,3320,0001236
2596284,3320,0002148
2596285,365,0001768
2596287,74910,0000004
2596289,33394,0000026
2596291,7200,0000211
2596292,2859,0000989
2596294,1649,0001884
2596295,7140,0001832
2596299,186,0002512
2596300,295,0001089
2596302,5569,0001182
2596303,2396,0004727
2596304,410,0001533
2596305,2777,0002523
2596308,1892,0000056
2596309,2564,0002523
2596310,410,0004535
2596311,179,0000211
2596313,27400,0001490
2596314,7100,0002137
2596315,2449,0001343
2596317,36250,0000053
2596318,7100,0001744
2596319,1830,0001103
2596320,1844,0000996
2596322,27800,0001988
2596323,3459,0001649
2596324,2564,0002522
2596325,3320,0004535
2596326,3310,0001017
2596327,1649,0002046
2596328,150,0000029
2596329,1619,0000483
2596330,3310,0001771
2596331,303,0001343
2596332,1560,0001175
2596334,303,0001970
2596335,1640,0001587
2596336,477,0002185
2596337,7200,0001464
2596338,2449,0001132
2596339,2859,0001627
2596342,1892,0001008
2596343,7100,0002384
2596344,3310,0000011
2596345,1552,0000211
2596346,295,0002405
2596347,2396,0002361
2596349,2564,0002369
2596350,5569,0002394
2596351,2396,0001908
2596352,477,0001762
2596353,99791,0001986
2596357,27800,0001398
2596358,1922,0002413
2596359,2396,0001577
2596361,73300,0001486
2596363,1490,0001646
2596364,0309,0001148
2596369,346,0002360
2596372,7159,0002481
2596373,33520,0002606
2596376,346,0002410
2596378,7200,0001467
2596380,3470,0001890
2596382,1940,0001184
2596384,1830,0002411
2596385,31401,0001836
2596386,7159,0001461
2596387,0309,0001324
2596388,7159,0001488
2596391,3459,0002385
2596394,340,0002925
2596396,150,0002365
2596398,1490,0001723
2596399,99791,0002053
2596400,2564,0003889
2596401,2396,0002037
2596402,303,0001322
2596403,33394,0002298
2596410,1649,0002040
2596411,2859,0001970
2596412,477,0001716
2596413,7200,0001486
2596414,1640,0000483
2596415,440,0001532
2596416,186,0000029
2596418,99791,0001673
2596423,179,0000002
2596425,2990,0002405
2596426,2396,0001724
2596427,2396,0002240
2596429,1552,0002107
2596433,179,0002378
2596435,7159,0001490
2596437,7159,0001465
2596439,346,0002148
2596440,30723,0002410
2596442,2859,0002390
2596444,1519,0001971
2596445,346,0001460
2596447,27400,0002018
2596450,3320,0001805
2596451,33520,0002298
2596452,7140,0001469
2596453,346,0001676
2596454,2396,0001646
2596455,1909,0000483
2596456,7200,0002347
2596457,1361,0001796
2596459,3310,0001579
2596460,179,0000993
2596464,1640,0001585
2596465,410,0002522
2596466,51631,0002012
2596467,477,0001827
2596470,2449,0002107
2596471,387,0001860
2596472,1519,0000042
2596473,295,0000988
2596474,340,0002286
2596475,365,0001773
2596476,2396,0000007
2596479,1552,0001970
2596482,5859,0000989
2596483,1874,0002382
2596486,185,0000057
2596488,52100,0000165
2596490,1830,0000029
2596493,365,0002521
2596494,7140,0001831
2596495,1519,0001638
2596498,188,0002411
2596499,346,0001717
2596500,1429,0001744
2596501,1560,0001970
2596502,150,0000975
2596504,70401,0002073
2596505,1909,0001619
2596508,346,0001148
2596509,3459,0001016
2596510,387,0001756
2596511,387,0001840
2596513,27800,0001708
2596514,36250,0000941
2596515,477,0000483
2596516,2859,0003129
2596517,31401,0002037
2596518,410,0001361
2596521,7159,0004452
2596523,2990,0000955
2596524,1909,0001776
2596526,3459,0002148
2596528,5234,0001567
2596532,1909,0001818
2596533,1844,0002060
2596534,7140,0001837
2596535,1640,0002048
2596540,52100,0004288
2596541,1429,0001716
2596542,340,0000941
2596543,186,0001968
2596544,1361,0001637
2596545,179,0002450
2596548,0309,0001827
2596550,1640,0002385
2596551,27800,0002410
2596552,5716,0001970
2596554,1619,0001690
2596555,3459,0001532
2596556,3470,0002298
2596557,340,0001016
2596558,1922,0002422
2596559,3459,0001148
2596560,1519,0001007
2596561,1649,0001132
2596563,346,0001981
2596566,3470,0001577
2596567,3320,0002398
2596568,4461,0001398
2596569,2564,0000007
2596570,0309,0001460
2596572,74910,0001733
2596573,1490,0001044
2596575,2396,0001678
2596577,5859,0001638
2596578,36250,0001776
2596580,5790,0001971
2596582,5859,0001988
2596585,1840,0000057
2596586,1830,0002378
2596587,7159,0001485
2596589,387,0002384
2596590,346,0002413
2596591,31401,0001016
2596593,3320,0002102
2596596,5770,0002110
2596600,3459,0001814
2596602,3129,0000011
2596603,1649,0002228
2596606,410,0002349
2596608,2189,0002450
2596609,2396,0002363
2596611,1535,0000483
2596613,99791,0001980
2596614,27800,0001004
2596615,6960,0002522
2596616,0461,0001969
2596617,1490,0002377
2596618,1490,0001677
2596620,0309,0001031
2596623,1909,0001786
2596624,295,0001887
2596625,1490,0002413
2596626,5859,0001008
2596629,387,0001648
2596634,1619,0001685
2596637,33520,0000026
2596641,6960,0002481
2596642,5859,0000057
2596643,7200,0002363
2596644,2990,0001908
2596645,33520,0002385
2596646,3459,0001780
2596647,99791,0001232
2596648,7140,0002389
2596649,1552,0001103
2596653,6060,0001000
2596654,2990,0002028
2596655,3320,0002298
2596656,99791,0002441
2596658,33394,0000010
2596659,0309,0001492
2596661,1619,0001723
2596663,99791,0002060
2596664,185,0000998
2596666,150,0001737
2596667,27800,0001007
2596668,70901,0001037
2596669,5716,0001175
2596670,70901,0002073
2596673,1519,0001970
2596674,2777,0002522
2596675,4461,0002110
2596676,1940,0001235
2596681,27400,0002387
2596682,1940,0002055
2596685,179,0002365
2596687,440,0002103
2596688,346,0001649
2596689,73300,0001708
2596690,2189,0003889
2596691,150,0000977
2596694,1874,0000989
2596695,74910,0001616
2596696,5790,0001088
2596698,7159,0001090
2596703,1521,0001264
2596704,5859,0001980
2596706,2859,0000991
2596707,2564,0000038
2596708,5234,0001764
2596709,5859,0001637
2596710,6060,0000473
2596711,410,0001638
2596712,295,0001690
2596715,5770,0001174
2596717,410,0000946
2596718,440,0001533
2596720,1490,0001685
2596721,5790,0001182
2596724,2189,0000057
2596726,2859,0002481
2596727,1552,0001640
2596731,1490,0001756
2596733,1560,0002378
2596734,1429,0000483
2596736,0309,0001681
2596739,186,0001300
2596740,30723,0001887
2596743,74910,0001684
2596745,29680,0001235
2596746,5920,0001285
2596747,33394,0002240
2596749,1552,0001283
2596750,33394,0001460
2596752,1552,0001072
2596754,3459,0001456
2596755,0309,0002398
2596757,27400,0001479
2596758,3051,0004535
2596760,365,0000053
2596763,179,0000949
2596768,33520,0002103
2596770,1552,0001143
2596771,33394,0002707
2596772,1909,0001796
2596773,477,0002048
2596774,70901,0001003
2596775,3310,0000922
2596776,74910,0000922
2596777,70901,0002067
2596778,1490,0001762
2596782,410,0000011
2596783,1429,0001734
2596785,440,0002523
2596786,340,0000955
2596787,74910,0003216
2596788,1909,0001711
2596789,7100,0000043
2596790,3459,0002275
2596791,7140,0001484
2596792,2189,0000002
2596794,7100,0002405
2596795,1429,0003216
2596796,7140,0001494
2596798,477,0002453
2596799,0461,0002129
2596800,410,0002353
2596804,6960,0001705
2596805,1361,0001072
2596806,27800,0002110
2596807,295,0001016
2596808,6960,0001470
2596811,303,0000988
2596815,440,0000978
2596818,1909,0001744
2596820,3051,0001836
2596821,1519,0002390
2596824,1649,0001515
2596825,340,0001324
2596828,27800,0002523
2596830,1361,0001300
2596831,340,0002162
2596832,1490,0000974
2596834,27400,0002398
2596835,3320,0002240
2596838,3320,0001910
2596839,29680,0000955
2596840,7140,0001488
2596842,340,0002413
2596844,185,0000999
2596845,2396,0002223
2596847,1429,0001649
2596848,084,0001044
2596850,51631,0002299
2596851,346,0001780
2596852,7140,0001464
2596853,2859,0001310
2596855,477,0001690
2596856,1640,0002205
2596861,1490,0001645
2596862,346,0001598
2596863,346,0001070
2596864,365,0001775
2596865,5234,0001710
2596866,303,0002385
2596867,1429,0001647
2596868,0309,0000010
2596869,1909,0001643
2596870,1909,0001768
2596871,7140,0001736
2596873,99791,0001231
2596875,7140,0000043
2596878,33520,0002398
2596880,1909,0001456
2596881,3459,0002360
2596885,150,0001759
2596888,33520,0001597
2596889,5716,0001283
2596890,410,0002081
2596891,7200,0001988
2596892,4461,0001986
2596893,1830,0000996
2596894,2777,0002113
2596897,99791,0000013
2596898,346,0000010
2596900,179,0000056
2596901,4461,0002135
2596903,410,0001530
2596909,2189,0001295
2596912,27800,0004535
2596913,188,0000056
2596915,5790,0000483
2596917,70401,0001821
2596918,346,0003129
2596920,7140,0001007
2596923,5234,0001736
2596924,387,0002223
2596925,99791,0002054
2596926,2449,0000948
2596927,99791,0002012
2596928,7200,0002228
2596930,33394,0002385
2596933,31401,0002204
2596934,7140,0001479
2596936,410,0001394
2596938,33520,0001148
2596940,6960,0002097
2596942,33520,0001323
2596944,99791,0002385
2596948,52100,0001836
2596950,5859,0002113
2596953,2564,0001013
2596954,7159,0006849
2596955,7100,0002522
2596958,33394,0002387
2596961,5859,0000178
2596966,1361,0001587
2596967,0309,0001645
2596968,99791,0000948
2596971,477,0001707
2596972,2564,0000922
2596975,1429,0001733
2596976,0309,0000004
2596977,1560,0002294
2596978,7159,0001437
2596983,346,0002363
2596984,1844,0000002
2596985,5716,0001174
2596986,99791,0002162
2596987,4461,0002165
2596989,188,0000483
2596990,1909,0001905
2596994,295,0001456
2596996,1429,0001684
2597001,5770,0001971
2597006,303,0002107
2597007,30723,0002130
2597008,5234,0001723
2597009,340,0000966
2597011,0309,0001021
2597015,74910,0001697
2597018,5569,0001007
2597020,3320,0002389
2597021,2189,0000995
2597024,346,0000033
2597025,346,0001646
2597032,2777,0001530
2597035,1361,0000165
2597036,303,0004535
2597038,1830,0000992
2597039,3459,0002707
2597040,440,0001627
2597041,7159,0002414
2597043,33394,0002410
2597044,346,0001827
2597045,27800,0001460
2597049,1490,0002397
2597050,1830,0000991
2597051,33520,0001017
2597052,1830,0000038
2597054,1361,0001016
2597056,440,0004535
2597057,7200,0001090
2597059,440,0001530
2597061,410,0002165
2597063,346,0001597
2597067,477,0002517
2597068,1909,0000053
2597069,31401,0001456
2597072,4461,0002352
2597073,2777,0001986
2597075,1490,0001694
2597079,477,0001750
2597080,303,0001780
2597081,410,0002134
2597082,33520,0001103
2597083,2859,0001225
2597088,1830,0001866
2597090,1940,0000007
2597092,2449,0002046
2597094,340,0001599
2597095,5859,0000985
2597098,440,0002405
2597100,1429,0001690
2597101,5234,0001456
2597103,5859,0002522
2597104,1830,0000949
2597106,27400,0002389
2597108,303,0000991
2597109,346,0001016
2597110,5859,0002060
2597111,188,0000989
2597112,5569,0000483
2597113,0309,0001711
2597114,2859,0001971
2597115,1640,0000029
2597116,2990,0002275
2597117,27400,0004452
2597118,5234,0001836
2597119,2859,0002066
2597124,440,0001184
2597127,303,0001324
2597128,5234,0000483
2597133,410,0001986
2597135,99791,0002349
2597138,1909,0001821
2597139,2396,0000955
2597140,1940,0002054
2597142,7200,0000043
2597143,73300,0002481
2597144,5716,0001135
2597145,2396,0001887
2597147,33520,0001460
2597154,2396,0001905
2597155,6060,0000998
2597160,5716,0002394
2597161,1519,0001981
2597162,1361,0000988
2597163,3459,0002410
2597164,2396,0001676
2597166,2564,0001295
2597169,340,0000010
2597171,1649,0002185
2597172,99791,0001228
2597173,7140,0002384
2597176,3320,0001021
2597177,346,0001532
2597178,410,0001980
2597179,33520,0001494
2597183,27800,0002522
2597184,3320,0002410
2597185,1940,0002081
2597188,1490,0001070
2597189,5859,0002481
2597194,29680,0002410
2597195,2564,0001305
2597197,2396,0002298
2597198,52100,0001710
2597201,73300,0002515
2597204,346,0004535
2597206,1649,0001744
2597207,5859,0001288
2597208,410,0002351
2597210,2859,0001988
2597211,3459,0000045
2597212,2564,0002512
2597214,1490,0001734
2597215,1844,0001821
2597216,2990,0001016
2597218,410,0002137
2597219,157,0002010
2597220,73300,0004288
2597221,1361,0002250
2597222,1521,0000029
2597223,74910,0001456
2597224,3320,0001324
2597225,3459,0001677
2597231,31401,0002148
2597233,1429,0001598
2597234,5859,0000013
2597236,5790,0001744
2597239,27800,0000949
2597240,31401,0000955
2597241,2396,0002286
2597245,1560,0001193
2597248,1429,0001678
2597250,387,0000211
2597251,1560,0002394
2597253,1840,0001295
2597255,2189,0002081
2597256,5569,0001744
2597258,1909,0001783
2597261,2396,0002606
2597262,303,0001494
2597264,6960,0004452
2597265,477,0002365
2597270,0461,0002298
2597272,2564,0001088
2597274,7140,0001467
2597275,365,0001783
2597280,084,0002390
2597282,346,0001633
2597283,0309,0002103
2597284,27800,0001530
2597285,7140,0004452
2597288,7159,0001467
2597289,5859,0002135
2597291,188,0002367
2597292,99791,0001805
2597293,53085,0001007
2597294,33394,0000978
2597295,5920,0001132
2597297,5234,0001716
2597298,084,0001969
2597299,1429,0001785
2597300,99791,0001225
2597304,1490,0001598
2597305,5859,0001021
2597306,99791,0001627
2597308,7200,0001470
2597309,1361,0001585
2597312,6960,0001461
2597313,27800,0002162
2597314,3459,0001896
2597315,2990,0001893
2597316,3310,0002285
2597318,1490,0001710
2597320,1892,0001285
2597321,5569,0002378
2597323,157,0001264
2597325,2777,0000013
2597326,1619,0000029
2597330,5770,0001988
2597331,1490,0001764
2597332,2859,0002371
2597334,3459,0001908
2597337,340,0002518
2597339,150,0000974
2597341,150,0001640
2597342,7200,0002414
2597343,6060,0001343
2597345,2396,0001649
2597347,3459,0002298
2597348,157,0000006
2597355,1361,0001090
2597356,1940,0002053
2597358,7100,0002371
2597360,2396,0002362
2597361,2396,0001844
2597362,5859,0001585
2597363,1640,0001884
2597365,1909,0001697
2597366,1830,0003889
2597367,52100,0001832
2597371,6060,0001968
2597374,0309,0001461
2597375,5234,0002397
2597376,27800,0001348
2597377,1892,0000999
2597378,303,0002466
2597380,7140,0001490
2597382,440,0001529
2597383,1909,0001750
2597384,1830,0001237
2597385,186,0000998
2597387,27800,0000011
2597389,2396,0001707
2597390,5920,0001008
2597391,6960,0001530
2597392,7100,0002113
2597393,5790,0001970
2597394,33520,0000955
2597397,2449,0001348
2597402,2859,0002134
2597403,303,0002410
2597408,2990,0001910
2597410,303,0001021
2597411,365,0001796
2597412,1490,0001037
2597413,33520,0000922
2597416,2449,0002385
2597419,157,0001193
2597420,36250,0001771
2597421,157,0002017
2597422,5569,0001970
2597423,74910,0001716
2597425,365,0002384
2597428,1922,0002298
2597429,3320,0001723
2597431,7200,0001130
2597432,303,0001007
2597433,3310,0001016
2597434,70901,0002097
2597437,7140,0002413
2597439,157,0002005
2597442,2189,0000997
2597443,2564,0001037
2597445,1844,0000483
2597446,29680,0001969
2597447,99791,0001288
2597448,5234,0000165
2597449,3470,0002410
2597451,303,0002368
2597452,1429,0001750
2597454,36250,0001620
2597457,188,0000474
2597458,2396,0001633
2597459,179,0000995
2597460,7140,0002385
2597463,73300,0002516
2597465,27400,0001488
2597466,188,0001000
2597468,295,0000991
2597472,1922,0001323
2597473,74910,0001598
2597474,410,0002012
2597477,150,0001007
2597479,2564,0000949
2597480,2396,0000033
2597482,1552,0001174
2597483,27800,0001970
2597484,7140,0001833
2597485,31401,0001037
2597489,36250,0000970
2597492,5920,0001288
2597494,1840,0000056
2597497,1909,0000964
2597498,7200,0002018
2597499,2189,0001072
2597500,3459,0000955
2597501,99791,0001310
2597503,346,0001645
2597509,27800,0001464
2597510,1361,0002360
2597511,179,0001815
2597513,387,0001694
2597514,3320,0000013
2597515,36250,0001619
2597517,410,0002410
2597518,157,0001175
2597519,3310,0001908
2597521,99791,0001620
2597523,3459,0001890
2597524,410,0002441
2597528,1830,0000483
2597529,186,0001105
2597532,2449,0001235
2597535,2396,0000004
2597537,7159,0002102
2597538,1922,0002360
2597539,188,0002066
2597542,1844,0001003
2597543,30723,0000955
2597544,5234,0001831
2597546,1844,0001300
2597550,73300,0002204
2597551,340,0001780
2597552,27800,0001305
2597558,31401,0001890
2597559,7200,0001469
2597560,346,0002441
2597563,27400,0001465
2597565,3310,0002130
2597566,157,0001174
2597572,1361,0001891
2597573,3459,0002285
2597574,5859,0002516
2597575,346,0001762
2597576,410,0002016
2597577,365,0000211
2597578,5859,0001971
2597579,2859,0002368
2597580,1429,0000029
2597583,1940,0002411
2597584,1892,0001088
2597585,1874,0001300
2597586,73300,0002389
2597587,1552,0002017
2597588,70401,0002097
2597589,3320,0001148
2597592,303,0001089
2597593,387,0002501
2597594,74910,0001833
2597595,410,0001404
2597597,1830,0001305
2597602,1830,0001296
2597606,6960,0002205
2597607,1909,0001598
2597609,1649,0001585
2597610,1490,0000165
2597612,1361,0001673
2597613,99791,0001184
2597614,70401,0002067
2597616,3459,0002240
2597617,3320,0001989
2597620,5920,0001184
2597623,477,0002392
2597624,7159,0001484
2597625,1490,0002517
2597629,410,0000178
2597631,74910,0002517
2597633,7140,0002204
2597635,74910,0001756
2597641,295,0001969
2597642,5770,0001970
2597643,179,0000483
2597647,3459,0002028
2597648,5569,0002405
2597649,3320,0001490
2597652,340,0002298
2597653,2396,0001893
2597654,29680,0002286
2597656,74910,0001707
2597657,295,0002129
2597658,4461,0002389
2597659,5234,0001675
2597660,1429,0001831
2597663,346,0001620
2597665,33520,0001780
2597668,1640,0001132
2597669,1840,0000002
2597671,303,0002037
2597672,5859,0002523
2597673,1619,0002486
2597674,365,0001772
2597675,6960,0001485
2597676,303,0001968
2597677,99791,0002522
2597678,3320,0001597
2597679,186,0000473
2597680,150,0001515
2597681,346,0002298
2597682,346,0002389
2597683,5770,0001089
2597684,5920,0002113
2597686,1640,0001638
2597690,7100,0002352
2597691,410,0002354
2597692,346,0000974
2597695,5716,0002017
2597697,51631,0002048
2597698,27800,0001103
2597699,440,0002137
2597700,1361,0001361
2597703,2449,0001088
2597704,1649,0001805
2597707,1840,0000992
2597708,3459,0001017
2597711,2564,0002411
2597714,1490,0002386
2597716,477,0001825
2597717,1429,0001832
2597718,33520,0001577
2597719,295,0001577
2597720,2777,0001348
2597721,365,0002392
2597722,1490,0002298
2597723,1490,0001616
2597727,1840,0000997
2597731,5920,0001232
2597732,340,0002405
2597736,6960,0001469
2597737,0309,0001716
2597738,33520,0001643
2597741,5920,0001231
2597743,2189,0000474
2597744,1361,0001365
2597745,27400,0001090
2597747,7100,0001088
2597748,5859,0002385
2597750,2189,0001296
2597753,1490,0001836
2597755,1619,0002019
2597756,73300,0000995
2597757,1874,0002411
2597759,2859,0000922
2597761,150,0001594
2597762,1490,0002453
2597764,70901,0000974
2597766,1552,0001194
2597769,440,0001394
2597770,1361,0001398
2597771,5770,0001182
2597774,188,0000482
2597775,33520,0001708
2597777,33520,0000988
2597779,29680,0002285
2597780,1361,0001516
2597781,7159,0002018
2597782,365,0001786
2597783,387,0002519
2597785,2859,0002113
2597788,99791,0002081
2597789,477,0001677
2597790,0309,0001300
2597791,1830,0000474
2597792,2396,0002129
2597794,2396,0000045
2597795,2396,0001785
2597796,1619,0002365
2597800,27800,0001013
2597801,5920,0001140
2597804,365,0001619
2597806,2859,0001986
2597807,346,0002925
2597809,52100,0001723
2597811,1619,0002377
2597812,3459,0002361
2597814,52100,0001708
2597816,73300,0001464
2597818,365,0001702
2597819,157,0001194
2597820,7140,0001836
2597822,295,0002285
2597825,5569,0001971
2597826,3320,0002386
2597827,5770,0001640
2597829,1840,0003889
2597831,179,0001637
2597832,440,0001981
2597835,1490,0001737
2597838,29680,0002148
2597839,295,0002410
2597840,340,0002360
2597843,5790,0001264
2597845,2777,0001981
2597847,6960,0002389
2597849,7100,0002299
2597850,295,0001890
2597854,1361,0001896
2597855,27800,0002028
2597858,5770,0002010
2597859,440,0002250
2597860,179,0000029
2597861,440,0000026
2597864,1640,0000974
2597865,1535,0003889
2597867,74910,0001711
2597868,2396,0001645
2597869,1619,0000974
2597870,1519,0001516
2597871,5859,0001460
2597872,340,0001643
2597873,2859,0001088
2597875,3459,0002673
2597876,1519,0002439
2597878,2990,0001720
2597880,387,0002502
2597882,99791,0002369
2597883,1490,0002240
2597886,99791,0001194
2597887,188,0001135
2597888,5859,0001228
2597889,0309,0001785
2597890,1940,0000991
2597891,5859,0001088
2597892,295,0000955
2597898,1909,0000966
2597900,7100,0002135
2597901,084,0001836
2597903,29680,0002046
2597906,52100,0001684
2597908,340,0002240
2597909,0309,0001016
2597911,33520,0001785
2597913,3310,0000955
2597916,157,0001143
2597917,365,0001827
2597918,99791,0002523
2597919,70901,0001820
2597920,346,0001017
2597921,7140,0001044
2597923,1490,0002486
2597924,3470,0001896
2597925,3310,0002037
2597926,3129,0000955
2597929,7159,0001067
2597930,1361,0000966
2597931,2396,0001679
2597932,74910,0001681
2597933,0309,0000970
2597936,5859,0001530
2597937,440,0001182
2597938,1429,0001352
2597948,303,0001235
2597949,157,0001007
2597950,30723,0001016
2597951,1649,0001594
2597952,440,0001013
2597953,150,0002185
2597954,157,0001182
2597955,74910,0002389
2597956,7159,0001267
2597957,5234,0002515
2597958,1490,0001649
2597959,5790,0001836
2597960,74910,0003129
2597961,70401,0001702
2597962,410,0001759
2597963,7140,0000982
2597965,1361,0001619
2597966,99791,0001235
2597967,5920,0001225
2597968,2396,0002285
2597971,4461,0002356
2597974,1361,0002137
2597976,2396,0001644
2597977,73300,0002371
2597979,150,0001971
2597981,3320,0000011
2597982,1844,0002356
2597983,29680,0001836
2597988,2396,0003129
2597990,1649,0002390
2597991,2449,0000473
2597992,2859,0002466
2597993,99791,0002103
2597996,440,0001398
2597999,73300,0002414
2598001,1521,0001182
2598002,33520,0001887
2598003,1922,0001905
2598004,2564,0000992
2598006,2189,0001775
2598007,73300,0002386
2598009,2777,0002060
2598010,440,0001515
2598011,186,0001000
2598013,2449,0002512
2598014,1640,0002377
2598015,1840,0000995
2598016,3320,0002385
2598017,084,0001007
2598020,346,0000988
2598022,150,0001821
2598026,74910,0001762
2598027,27400,0000043
2598028,7159,0000043
2598029,99791,0001404
2598031,1560,0002017
2598032,0309,0001003
2598034,33394,0001016
2598038,1361,0001887
2598039,5234,0001986
2598040,36250,0001673
2598041,1909,0002392
2598042,1649,0000029
2598043,185,0000056
2598045,2777,0004535
2598047,1361,0002240
2598049,7100,0002204
2598054,74910,0002500
2598058,5770,0002017
2598060,1619,0001734
2598062,3310,0002129
2598064,1490,0001690
2598065,5859,0001231
2598070,477,0001702
2598073,7200,0001485
2598075,3310,0002606
2598078,74910,0001893
2598080,5569,0001988
2598083,365,0001908
2598084,084,0001011
2598085,1361,0000985
2598088,2990,0001017
2598089,74910,0002228
2598094,387,0001678
2598095,3320,0001488
2598096,36250,0000966
2598099,0309,0001494
2598100,1840,0000474
2598101,3320,0002130
2598103,387,0001687
2598104,27800,0000013
2598107,1844,0002411
2598108,1649,0000977
2598109,340,0002130
2598110,188,0000057
2598115,365,0001985
2598116,31401,0001891
2598119,1940,0000013
2598120,346,0001675
2598122,1922,0002240
2598125,410,0000013
2598126,2449,0000178
2598127,5234,0001708
2598128,365,0000964
2598130,2189,0002512
2598135,99791,0002361
2598137,188,0001224
2598138,1830,0000002
2598139,1640,0001744
2598141,5770,0000006
2598142,346,0001785
2598143,303,0002129
2598144,2449,0001844
2598145,1560,0001174
2598146,70401,0001705
2598147,33520,0002377
2598152,2449,0000992
2598154,3320,0001323
2598155,1892,0001224
2598156,7200,0001093
2598157,27800,0001235
2598159,7200,0001067
2598160,5790,0002481
2598164,0461,0002037
2598166,340,0001017
2598171,340,0000988
2598172,33394,0001021
2598173,1909,0001772
2598174,1649,0000974
2598175,084,0002371
2598176,1429,0002377
2598177,188,0000029
2598178,3320,0000988
2598179,2859,0002137
2598180,1490,0001733
2598182,477,0000004
2598186,340,0001594
2598187,295,0002606
2598188,1940,0002369
2598189,3459,0000011
2598191,5790,0001089
2598192,74910,0000033
2598193,7100,0002066
2598197,346,0001825
2598198,1490,0003129
2598199,0309,0001780
2598201,99791,0001989
2598203,3459,0000988
2598206,33520,0002707
2598208,2449,0002369
2598209,2449,0001723
2598212,1909,0001764
2598213,33520,0001896
2598214,303,0001037
2598215,2990,0002398
2598216,7159,0002418
2598218,6960,0000982
2598219,1490,0001825
2598220,1560,0000211
2598221,3459,0001891
2598222,1490,0001684
2598223,52100,0001044
2598224,1490,0001567
2598227,157,0001971
2598228,4461,0002082
2598229,3320,0002005
2598230,3459,0001884
2598235,1640,0001103
2598236,387,0001691
2598239,5770,0002294
2598240,3459,0001893
2598242,2449,0002037
2598243,0309,0002387
2598246,7100,0001016
2598249,1361,0001776
2598251,27800,0002378
2598252,5859,0001184
2598254,1922,0001814
2598255,74910,0001723
2598257,3320,0001643
2598258,7140,0001365
2598259,74910,0001577
2598261,1490,0001724
2598263,477,0001836
2598264,1429,0001710
2598265,31401,0004535
2598266,2449,0001021
2598267,0309,0001690
2598269,346,0001805
2598270,7200,0002418
2598274,2396,0000959
2598278,2777,0002107
2598279,1552,0001182
2598280,1909,0001775
2598283,387,0001844
2598284,7100,0001225
2598285,387,0004727
2598288,1361,0002134
2598289,1519,0002010
2598290,440,0002384
2598291,0309,0001456
2598294,340,0001673
2598298,5790,0002385
2598299,084,0001988
2598301,3459,0001577
2598303,5859,0001361
2598304,33520,0001647
2598305,1429,0001577
2598306,5770,0002394
2598308,1909,0001771
2598315,2990,0000033
2598316,27800,0000006
2598320,410,0002060
2598321,36250,0002384
2598322,1940,0001132
2598323,99791,0002303
2598325,73300,0001130
2598327,7159,0001464
2598328,31401,0002389
2598330,1844,0002382
2598331,303,0001016
2598332,477,0000970
2598334,303,0001323
2598335,5569,0002466
2598336,410,0002352
2598337,185,0002356
2598338,5859,0002303
2598341,5770,0002466
2598342,4461,0002349
2598343,5790,0002110
2598345,70901,0000989
2598348,1940,0001805
2598349,7159,0000211
2598350,1552,0002066
2598351,3310,0001886
2598352,3320,0002377
2598355,3320,0001461
2598356,303,0001971
2598358,188,0001008
2598360,387,0001688
2598364,2189,0000992
2598366,346,0001905
2598368,1519,0002110
2598369,1490,0001716
2598371,6960,0002018
2598372,3310,0001893
2598373,5859,0001398
2598374,387,0001599
2598376,1519,0001264
2598378,365,0001673
2598381,185,0002481
2598387,1640,0000975
2598392,1361,0001533
2598393,29680,0001887
2598396,7100,0000482
2598397,295,0001908
2598402,1521,0002368
2598403,1940,0001088
2598407,1922,0002944
2598409,36250,0001783
2598410,387,0001773
2598411,7140,0001461
2598413,2396,0002360
2598414,5569,0002005
2598416,99791,0002298
2598420,2396,0001694
2598421,7200,0000975
2598422,150,0001103
2598424,7140,0001750
2598426,6960,0001365
2598427,157,0001970
2598428,1429,0001044
2598430,6960,0002413
2598431,3310,0002707
2598432,1490,0002500
2598435,1552,0002394
2598436,365,0001769
2598441,5716,0002107
2598443,6960,0002414
2598444,188,0002378
2598445,1552,0001175
2598446,440,0001638
2598448,1830,0000482
2598449,5790,0000178
2598450,1429,0001597
2598451,1909,0002453
2598452,1844,0001820
2598456,1649,0002347
2598458,1840,0002411
2598459,2449,0002129
2598460,99791,0001896
2598464,387,0003129
2598465,3320,0000922
2598468,303,0001890
2598469,99791,0001515
2598470,7159,0002398
2598471,2990,0001890
2598472,33394,0002103
2598473,30723,0001017
2598474,440,0001980
2598475,1519,0002371
2598476,186,0000042
2598480,1909,0001673
2598481,1361,0000955
2598482,7159,0002103
2598487,1521,0002017
2598489,6960,0000043
2598490,5859,0001324
2598492,1560,0001064
2598493,1521,0002389
2598499,340,0001148
2598501,1640,0002407
2598506,1560,0000042
2598510,7200,0002413
2598512,74910,0001710
2598519,2777,0002407
2598525,33520,0002028
2598526,1490,0001707
2598527,1490,0001759
2598529,53085,0001971
2598531,185,0002366
2598532,340,0002037
2598537,5716,0002294
2598538,2859,0001194
2598539,5234,0001684
2598541,99791,0001516
2598544,340,0001908
2598545,295,0002286
2598547,346,0002037
2598549,74910,0001691
2598552,1560,0001640
2598555,33520,0001324
2598556,1830,0000473
2598558,1535,0000029
2598561,2189,0001638
2598562,188,0000998
2598563,1429,0001837
2598566,295,0000178
2598568,1830,0000042
2598570,33520,0001322
2598571,303,0002298
2598572,7140,0002365
2598573,2859,0002135
2598575,295,0001088
2598576,2859,0000178
2598577,440,0002522
2598578,410,0001515
2598579,1361,0001986
2598580,179,0000997
2598581,1649,0002048
2598582,31401,0001017
2598584,2396,0000991
2598587,346,0001644
2598589,3129,0002410
2598590,387,0001600
2598592,440,0001535
2598593,2990,0000165
2598595,1361,0001768
2598596,7100,0001673
2598597,52100,0001736
2598598,6960,0001465
2598599,27400,0000982
2598601,1519,0001759
2598602,4461,0002066
2598604,387,0001855
2598606,340,0001891
2598607,74910,0002397
2598608,1361,0001640
2598612,1619,0000165
2598613,3320,0002275
2598615,3320,0001708
2598616,27800,0002368
2598617,99791,0002368
2598618,346,0001577
2598620,29680,0001016
2598621,4461,0001705
2598622,1874,0000057
2598624,2777,0002410
2598625,5859,0002137
2598626,179,0001968
2598627,4461,0000974
2598628,1922,0001130
2598629,5859,0001285
2598631,29680,0001456
2598634,2396,0001981
2598635,4461,0001637
2598636,2990,0002285
2598637,387,0001638
2598638,99791,0002148
2598639,27400,0001485
2598640,7100,0001886
2598641,440,0001516
2598644,3320,0002129
2598646,27800,0000007
2598648,1361,0001182
2598651,1560,0000029
2598652,53085,0001135
2598653,0309,0001702
2598655,7200,0000982
2598656,7140,0001486
2598657,99791,0001637
2598659,73300,0003129
2598660,1940,0001640
2598661,2396,0001648
2598662,5859,0000991
2598663,1922,0002347
2598664,387,0001690
2598665,387,0002518
2598666,7100,0001140
2598667,7100,0001231
2598669,5859,0001225
2598670,3320,0001891
2598672,3129,0001836
2598673,74910,0001677
2598675,70401,0001003
2598676,150,0001533
2598679,1361,0002081
2598681,1640,0002371
2598682,0309,0002389
2598683,2396,0002130
2598684,7140,0001492
2598685,1922,0002363
2598686,340,0000978
2598688,1844,0000029
2598689,1922,0001780
2598690,410,0002407
2598695,2859,0001231
2598701,2859,0004288
2598702,5859,0001587
2598704,179,0001237
2598706,5569,0001135
2598707,303,0001017
2598710,157,0002066
2598712,7100,0001969
2598713,2396,0002422
2598714,3320,0001017
2598717,2564,0000996
2598719,5716,0002110
2598721,1909,0001690
2598723,7159,0001130
2598726,99791,0001088
2598727,1521,0001135
2598729,7140,0002405
2598734,73300,0001322
2598735,1490,0000004
2598737,1649,0003126
2598738,29680,0000011
2598741,7200,0001365
2598747,5859,0001969
2598748,6960,0001090
2598750,387,0001689
2598754,1519,0001640
2598755,1940,0002010
2598756,2189,0002356
2598758,346,0002398
2598759,1519,0000029
2598768,5770,0001175
2598770,27800,0002107
2598772,1490,0001708
2598776,3320,0002028
2598777,188,0002356
2598780,70901,0002046
2598781,74910,0000165
2598785,179,0001295
2598786,7140,0001093
2598787,30723,0001891
2598788,27800,0001759
2598789,3320,0001016
2598790,1519,0002378
2598792,0309,0002097
2598794,33520,0001016
2598795,3310,0002741
2598796,1361,0001620
2598797,1940,0001236
2598800,185,0001088
2598803,99791,0002082
2598804,185,0001968
2598807,7140,0002018
2598808,346,0000013
2598809,2396,0001579
2598810,70901,0001456
2598811,2564,0001398
2598812,1519,0001193
2598813,1429,0001736
2598814,73300,0004769
2598815,157,0002394
2598816,410,0002135
2598818,1909,0000959
2598819,179,0001072
2598821,0309,0000043
2598822,3320,0004452
2598823,74910,0001708
2598825,2777,0000949
2598828,73300,0001132
2598829,3320,0001492
2598830,33394,0001017
2598834,1490,0001679
2598840,3470,0002148
2598843,99791,0001182
2598845,1552,0002110
2598846,5770,0001194
2598847,3470,0002005
2598848,157,0002294
2598849,186,0001638
2598850,387,0002279
2598851,4461,0000948
2598853,1490,0001785
2598856,2396,0002019
2598857,303,0001891
2598859,1649,0002012
2598860,1649,0000975
2598861,188,0000996
2598862,5234,0000482
2598863,2396,0002517
2598864,303,0001264
2598865,084,0002107
2598867,410,0001637
2598868,36250,0001769
2598872,73300,0001437
2598873,5920,0001088
2598877,477,0001764
2598878,185,0000483
2598879,084,0000955
2598880,179,0000474
2598881,1649,0002407
2598883,1361,0001981
2598884,2396,0001535
2598887,2990,0002673
2598888,186,0001343
2598890,27400,0002414
2598895,179,0001135
2598896,0309,0002385
2598898,3320,0001866
2598900,5859,0001394
2598902,7100,0001986
2598907,5569,0002107
2598908,0309,0000473
2598914,7140,0001676
2598915,3459,0002102
2598916,1909,0001773
2598917,6960,0002204
2598918,346,0002275
2598919,7100,0002048
2598920,5790,0001988
2598921,346,0000011
2598922,7140,0002497
2598924,387,0002418
2598927,1519,0001103
2598928,295,0002037
2598930,7159,0002387
2598933,2990,0002298
2598936,5569,0001183
2598937,1909,0001677
2598938,5859,0001814
2598939,3470,0000988
