,DRUG,DIAG
1518267,R05CB,2770
1518269,L04AB,7200
1518270,L04AB,27950
1518274,L04AB,6960
1518275,L04AB,68601
1518276,L04AB,7140
1518277,L04AB,69515
1518282,L02AE,6179
1518284,L02AE,338
1518286,L02AE,2189
1518291,B03XA,2859
1518294,L02AE,6179
1518295,B01AD,428
1518297,H05BA,27542
1518298,H05BA,73300
1518302,L03AA,28800
1518314,J06BA,2041
1518316,J06BA,28731
1518317,J06BA,35781
1518318,J06BA,27906
1518320,J06BA,4461
1518321,J06BA,27912
1518322,A10AB,250
1518326,H01BA,4590
1518328,H01BA,78843
1518329,H01BA,7835
1518330,H01BA,78842
1518331,H01BA,3076
1518332,B02BD,4590
1518333,L03AC,2875
1518335,H04AA,2512
1518341,A10AD,250
1518342,A10AD,2501
1518346,A10AE,250
1518349,M09AB,7286
1518350,M09AB,60785
1518352,L04AB,5551
1518353,L04AB,6960
1518354,L04AB,68601
1518356,H01AC,7994
1518357,H01AC,78341
1518362,L01FX,2050
1518377,L04AB,7200
1518378,L04AB,5551
1518380,L04AB,6960
1518381,L04AB,7140
1518382,L04AB,5569
1518391,L01FA,2041
1518392,L01FA,4464
1518394,L01FA,2000
1518395,L01FA,6944
1518398,J01XX,7907
1518413,L04AA,2830
1518414,L04AA,2041
1518415,L04AA,27950
1518418,V09IB,185
1518423,L04AD,27950
1518424,L04AD,28731
1518425,L04AD,5951
1518428,L04AD,581
1518429,L04AD,6953
1518436,L04AA,23875
1518438,L03AA,28800
1518446,L03AB,2024
1518447,L03AB,1769
1518449,H01BB,666
1518453,A11HA,2810
1518454,B03BA,2810
1518467,D05AX,27541
1518470,S01XA,2660
1518471,S01XA,346
1518473,A11DA,2650
1518479,V04CX,74251
1518480,D10AD,2649
1518482,A11HA,2661
1518485,C10AA,4140
1518495,C10AA,435
1518497,N06AB,30751
1518499,N06AB,3003
1518500,C09CA,2504
1518501,C09CA,99791
1518503,C09CA,428
1518504,C09AA,2504
1518505,C09AA,428
1518506,C09AA,42820
1518507,C09AA,99791
1518510,R03BA,477
1518511,R03BA,4939
1518512,M03BX,71940
1518514,M03BX,3456
1518515,N06BA,31401
1518516,N06BA,27800
1518518,N06BA,3470
1518519,N06BA,3382
1518521,N07BA,52100
1518524,N05BA,2910
1518525,N05BA,79921
1518529,N05BA,2931
1518530,N05BA,78052
1518531,N05BA,72885
1518533,N05BA,3452
1518534,C07AB,42731
1518537,L01XG,2004
1518538,L01XG,2030
1518542,A08AA,27800
1518543,N02AX,3381
1518544,N02AX,30275
1518545,C07AB,99791
1518546,C07AB,36504
1518548,J02AC,1129
1518549,J02AC,114
1518550,J02AC,110
1518552,J02AC,3210
1518553,J02AC,1121
1518555,J05AH,487
1518559,S01AA,0990
1518564,S01AA,5363
1518565,S01AA,0992
1518566,S01AA,48284
1518567,S01AA,0270
1518568,S01AA,0991
1518570,S01AA,09840
1518571,S01AA,0330
1518576,S01AA,0979
1518577,S01AA,390
1518579,V03AB,2810
1518580,V03AB,34982
1518583,N06BC,7840
1518584,N06BC,346
1518585,N06BC,338
1518588,N06BC,30781
1518591,P01BD,084
1518592,P01BD,1309
1518594,C02AA,99791
1518595,C02AA,2989
1518596,S01AA,3829
1518600,S01AA,0990
1518602,S01AA,6149
1518603,S01AA,7841
1518605,S01AA,0092
1518608,G04BD,59651
1518610,C01CA,4580
1518612,A02BC,53081
1518614,A02BC,7871
1518616,C03CA,7823
1518617,C03CA,99791
1518618,N06AB,3071
1518619,N06AB,30751
1518621,N06AB,2506
1518623,N06AB,3003
1518625,N06AB,30981
1518626,N06AB,30275
1518629,N02CC,346
1518630,N02CC,3460
1518631,J01MA,490
1518634,J01MA,020
1518638,J05AE,042
1518640,D07AC,7099
1518641,J05AE,042
1518647,N02BF,2506
1518650,N02BF,7803
1518652,N05CD,78052
1518653,C03AA,7823
1518654,C03AA,99791
1518655,J04AA,010
1518656,C01CE,428
1518658,J05AG,042
1518660,G01AF,1110
1518661,G01AF,1104
1518662,D07AB,7099
1518664,L01BB,2041
1518666,L01BB,2024
1518667,L01BB,2000
1518669,A07EC,5551
1518671,A07EC,5569
1518674,N05AE,2989
1518675,N05AE,295
1518676,N05AE,29680
1518679,J04BA,6940
1518680,J04BA,0309
1518681,J04BA,6944
1518683,J04BA,28731
1518684,G01AG,1121
1518685,N03AB,7803
1518686,S01BA,37213
1518687,S01BA,37900
1518689,J01AA,6953
1518690,J01AA,0399
1518691,J01AA,0880
1518692,J01AA,023
1518693,J01AA,0990
1518694,J01AA,0010
1518695,J01AA,0052
1518696,J01AA,098
1518697,J01AA,0992
1518698,J01AA,04149
1518701,J01AA,0270
1518702,J01AA,0991
1518703,J01AA,101
1518704,J01AA,020
1518705,J01AA,084
1518707,J01AA,073
1518708,J01AA,0830
1518709,J01AA,087
1518713,J01AA,0919
1518714,J01AA,0049
1518715,J01AA,076
1518716,J01AA,0219
1518717,J01AA,0811
1518719,J01AA,5990
1518720,J01AA,1029
1518725,D01AC,1104
1518726,D01AC,1121
1518728,D06BA,1121
1518734,L01AD,2021
1518736,S01AB,3829
1518737,C07AB,413
1518738,C07AB,42731
1518739,C07AB,99791
1518740,C07AB,346
1518744,C07AB,428
1518745,N04BC,3320
1518746,C08CA,99791
1518747,N03AX,303
1518748,N03AX,7803
1518750,N03AX,346
1518756,L01XX,208
1518770,D04AA,477
1518772,D04AA,7089
1518773,D04AA,460
1518777,N06AX,346
1518782,G03CA,73300
1518783,G03CA,25631
1518785,S01EE,36504
1518788,N06BA,31401
1518791,L01DC,2010
1518792,L01DC,51181
1518793,L01DC,2000
1518794,L01DC,1830
1518795,L01DC,1874
1518796,L01DC,51281
1518797,L01DC,186
1518798,L01DC,1844
1518800,L01AA,2041
1518801,L01AA,2010
1518802,L01AA,5813
1518803,L01AA,2000
1518804,L01AA,2733
1518805,L01AA,2020
1518807,N02AA,3382
1518808,N01BB,3381
1518809,N01BB,27400
1518811,N01BB,70401
1518812,N01BB,7200
1518814,N01BB,6940
1518817,N01BB,7103
1518819,N01BB,3485
1518820,N01BB,72632
1518822,N01BB,283
1518823,N01BB,7014
1518824,N01BB,208
1518825,N01BB,2021
1518827,N01BB,36011
1518828,N01BB,7159
1518829,N01BB,7104
1518830,N01BB,6960
1518831,N01BB,6962
1518833,N01BB,5551
1518834,N01BB,7140
1518835,N01BB,2875
1518836,N01BB,69515
1518837,N01BB,72783
1518838,N01BB,7100
1518839,N01BB,4465
1518840,N01BB,124
1518841,N01BB,01300
1518842,N01BB,5569
1518846,N01BB,6970
1518847,N01BB,2451
1518850,J05AF,042
1518851,B02AA,4590
1518856,J01DH,59080
1518862,L01DC,188
1518867,C01BD,42731
1518868,C01BD,42732
1518870,N05CA,78052
1518872,N03AG,29680
1518873,N03AG,7803
1518874,N03AG,346
1518875,N03AG,3452
1518876,J04AB,010
1518877,N02CC,346
1518878,N02BE,78060
1518879,N02BE,338
1518880,R05DA,7862
1518881,R05DA,338
1518883,J01CA,6149
1518884,J01CA,5679
1518887,N02CA,33902
1518888,N02CA,346
1518891,N06AA,3071
1518892,N06AA,31401
1518893,N06AA,30751
1518895,N06AA,2506
1518896,N06AA,78052
1518897,N06AA,5641
1518899,N06AA,346
1518900,N06AA,78836
1518903,N06AA,30781
1518904,N04BX,3320
1518907,C02DD,4590
1518908,C02DD,428
1518910,N02AA,338
1518912,N02AA,7862
1518913,M02AA,7200
1518914,M02AA,7260
1518915,M02AA,27400
1518916,M02AA,7159
1518917,M02AA,3381
1518918,M02AA,7470
1518919,M02AA,7140
1518921,J04AK,0319
1518923,J04AK,01190
1518924,A10BA,2564
1518926,R03BB,4939
1518929,R03BB,460
1518931,N07BC,3055
1518933,N05AH,29680
1518934,N05AH,2931
1518936,N05AH,30723
1518937,N05AH,30981
1518938,N05AH,2989
1518939,N05AH,295
1518940,C07AB,413
1518941,C07AB,42731
1518942,C07AB,428
1518943,C07AB,99791
1518944,C07AB,346
1518946,C07AB,242
1518947,C07AB,4270
1518948,D11AH,70901
1518950,A02BC,532
1518951,A02BC,531
1518952,A02BC,53081
1518954,A02BC,7871
1518957,J04AK,010
1518958,J04AK,01190
1518961,S01GX,4770
1518963,C08DB,5650
1518964,C08DB,4131
1518965,C08DB,413
1518966,C08DB,42731
1518968,C08DB,42732
1518969,C08DB,99791
1518972,C08DB,7910
1518976,V04CH,3382
1518977,G04CA,6000
1518978,N03AC,3452
1518980,N05BA,3459
1518981,D11AX,7040
1518985,L01BB,2050
1518986,G02AB,666
1518991,J01DF,73020
1518993,J01DF,7110
1518994,J01DF,5990
1518996,M03BB,338
1518997,P01BC,084
1518998,J01EC,0990
1519000,J01EC,0770
1519001,J01EC,3200
1519002,J01EC,0360
1519004,J01EC,020
1519005,J01EC,084
1519006,J01EC,1309
1519007,J01EC,076
1519008,J01EC,5990
1519009,J01EC,390
1519010,A16AX,2701
1519011,L01CA,150
1519015,J02AX,1129
1519017,N05AH,295
1519018,N05AH,2921
1519020,A02BX,531
1519022,A02BX,53081
1519025,A02BX,533
1519026,R06AA,487
1519027,R06AA,78052
1519030,R06AA,460
1519032,G03AD,6213
1519033,G03AD,6179
1519037,C01CA,458
1519039,C01CA,78552
1519042,J05AB,05901
1519043,J05AB,0501
1519045,N06AX,3004
1519049,N06AX,78052
1519052,N06AX,3499
1519053,N06AX,3003
1519056,N06AX,295
1519058,N06AX,304
1519059,N06AX,30781
1519060,N06AX,78322
1519062,C07AA,346
1519063,C07AA,36504
1519067,N04AA,3320
1519069,N04AA,3321
1519073,V03AF,4259
1519074,C08CA,413
1519076,C08CA,4140
1519077,C08CA,99791
1519078,C08CA,4131
1519079,C03DB,7823
1519080,C03DB,99791
1519083,R01BA,455
1519084,R01BA,458
1519086,R01BA,78551
1519087,C01AA,42731
1519089,N04AA,3320
1519097,M03BA,3381
1519098,G03DA,6266
1519099,G03DA,6260
1519100,G03DA,628
1519105,M05BA,73300
1519108,D01AA,1104
1519110,C08CA,99791
1519111,N05CF,78052
1519112,N05BA,79921
1519115,R06AB,477
1519117,D01AE,110
1519118,N05AH,295
1519119,R01AX,684
1519120,S01EB,36513
1519122,S01EB,37731
1519124,N04BC,29680
1519125,N04BC,3320
1519131,J01CA,0270
1519132,J01CA,3209
1519133,J01CA,0330
1519136,J01CA,0020
1519139,J01CA,5990
1519140,J01CE,0399
1519142,J01CE,0229
1519147,J01CE,101
1519148,J01CE,0341
1519150,J01CE,390
1519151,N05CA,78052
1519154,C03DA,7895
1519155,C03DA,428
1519156,C03DA,7823
1519157,C03DA,99791
1519158,C03DA,7041
1519159,C03DA,2768
1519160,C03DA,581
1519161,C03DA,2551
1519162,N06BA,31401
1519163,N06BA,3470
1519164,M03BA,72885
1519165,M03BA,338
1519167,M03BA,037
1519169,A03BA,7897
1519170,A03BA,5959
1519173,A03BA,5641
1519174,A03BA,59654
1519175,A03BA,56481
1519176,A03BA,5770
1519178,A03BA,533
1519179,A03BA,7880
1519182,A03BA,460
1519186,N05CF,78052
1519187,J05AB,053
1519188,J05AB,05410
1519189,J05AB,0542
1519191,R06AX,4770
1519194,P03AB,1330
1519197,N05AB,295
1519200,R06AX,3071
1519203,R06AX,7083
1519204,R06AX,346
1519205,R06AX,4770
1519208,C03AA,99791
1519211,M04AA,274
1519216,J01DD,5990
1519217,J01EA,023
1519218,J01EA,0049
1519223,S03BA,27400
1519225,S03BA,70401
1519226,S03BA,7200
1519228,S03BA,6940
1519229,S03BA,7260
1519232,S03BA,7103
1519233,S03BA,7099
1519235,S03BA,3485
1519236,S03BA,72632
1519238,S03BA,7014
1519239,S03BA,208
1519240,S03BA,6970
1519242,S03BA,7100
1519244,S03BA,2021
1519246,S03BA,581
1519247,S03BA,36011
1519248,S03BA,6944
1519249,S03BA,7104
1519250,S03BA,6960
1519251,S03BA,6962
1519252,S03BA,01190
1519254,S03BA,5551
1519255,S03BA,7140
1519257,S03BA,2875
1519258,S03BA,69515
1519259,S03BA,4465
1519260,S03BA,124
1519261,S03BA,01300
1519262,S03BA,5569
1519264,S03BA,283
1519269,S03BA,2451
1519273,A02BC,53081
1519274,A02BC,578
1519275,A02BC,533
1519277,S01EA,36512
1519278,S01EA,36504
1519281,N05AD,2931
1519285,R01AX,37230
1519290,R01AX,3700
1519291,R01AX,3739
1519294,R06AX,4770
1519296,C02CA,6000
1519297,C02CA,99791
1519298,C02CA,4430
1519299,N06AA,31401
1519300,N06AA,30751
1519301,N06AA,3076
1519305,N06AA,30981
1519308,M01AX,7159
1519309,M01AX,7140
1519311,S01BC,346
1519315,S01BC,3381
1519318,P01BC,0840
1519319,M01AC,7245
1519320,M01AC,7159
1519321,M01AC,338
1519322,M01AC,7140
1519324,R03DC,4939
1519325,R03DC,49381
1519327,R03DC,4770
1519328,N06AB,303
1519329,N06AB,3071
1519330,N06AB,27800
1519331,N06AB,30751
1519333,N06AB,29680
1519335,N06AB,3332
1519336,N06AB,3003
1519337,N06AB,30275
1519340,N05BA,79921
1519343,N05BA,533
1519344,N06AX,7242
1519345,N06AX,2506
1519352,N05AA,79921
1519353,N05AA,29680
1519357,N05AA,295
1519358,N05AA,037
1519359,N05AA,7868
1519360,J05AC,487
1519361,D06AX,7907
1519366,D06AX,3209
1519372,D06AX,010
1519373,D06AX,940
1519375,L04AX,2004
1519376,L04AX,2030
1519377,L04AX,23875
1519379,G03XC,73300
1519380,M01AH,7200
1519381,M01AH,7159
1519382,M01AH,3381
1519383,M01AH,6253
1519384,M01AH,7140
1519386,D11AX,36504
1519388,J01CF,684
1519390,L01XX,1830
1519391,C07AA,42731
1519392,C07AA,42732
1519396,C09AA,2504
1519397,C09AA,428
1519398,C09AA,99791
1519400,J01DD,7907
1519403,J01DD,5990
1519407,J01DD,098
1519410,J01DD,3209
1519411,J01DD,6149
1519413,J01DD,4829
1519416,N04BX,3320
1519417,J05AF,042
1519418,G04BD,59651
1519421,L02BB,7041
1519422,M02AA,7200
1519423,M02AA,7159
1519424,M02AA,338
1519425,M02AA,7140
1519427,M02AA,7260
1519428,M02AA,72632
1519429,A02BA,53081
1519430,A02BA,7871
1519432,N05AD,2931
1519433,N05AD,30723
1519434,N05AD,3334
1519435,N05AD,3003
1519436,N05AD,2989
1519437,N05AD,295
1519439,J05AE,042
1519440,P01AX,1270
1519441,P01AX,1239
1519442,P01AX,0052
1519443,P01AX,0074
1519444,P01AX,0071
1519447,B02AA,4590
1519449,R05DA,7862
1519452,L01XA,150
1519456,L01XA,1519
1519458,L01XA,2030
1519464,L01XA,1640
1519466,P02CA,1270
1519469,C09AA,2504
1519470,C09AA,428
1519471,C09AA,99791
1519475,J02AX,110
1519476,J02AX,5679
1519477,S01ED,37731
1519478,C03BA,7823
1519482,D01AE,1110
1519483,D01AE,1104
1519484,L01XA,150
1519485,L01XA,1519
1519487,C05AD,455
1519489,C05AD,6980
1519491,J05AD,05410
1519493,J05AD,054
1519497,L01AA,2050
1519499,L01AA,2830
1519501,L01AA,2002
1519502,L01AA,2041
1519503,L01AA,2051
1519505,L01AA,4464
1519508,L01AA,2010
1519509,L01AA,5813
1519510,L01AA,2030
1519511,L01AA,3580
1519513,L01AA,2000
1519519,L01AA,2733
1519524,J01MA,3829
1519528,J01MA,0092
1519531,J01MA,020
1519535,N06AA,5641
1519539,N06AA,3382
1519543,L01CA,2041
1519547,L01CA,28731
1519548,L01CA,1769
1519549,L01CA,2010
1519550,L01CA,2030
1519552,L01CA,2000
1519559,C09AA,2504
1519560,C09AA,428
1519561,C09AA,99791
1519567,L01BC,7020
1519569,L01BC,1539
1519570,L01BC,157
1519571,L01BC,1519
1519574,N07AA,56400
1519575,N07AA,3580
1519577,N07AA,4580
1519581,R03DC,4939
1519586,G04BX,5990
1519588,L01XX,2041
1519589,L01XX,2024
1519590,L01XX,2021
1519591,L01XX,2022
1519592,M02AA,7200
1519593,M02AA,7159
1519594,M02AA,7140
1519595,N03AX,7803
1519596,N05BB,79921
1519599,J05AH,487
1519608,L01BA,188
1519610,L01BA,5551
1519611,L01BA,7103
1519612,L01BA,340
1519613,L01BA,6339
1519614,L01BA,27950
1519616,L01BA,630
1519617,L01BA,7104
1519621,L01BA,7100
1519625,N03AF,29680
1519626,N03AF,7803
1519627,N03AF,338
1519628,N03AF,33394
1519632,J01DB,73020
1519633,J01DB,3829
1519636,J01DB,6019
1519639,B01AX,4111
1519640,L01CA,2830
1519641,L01CA,188
1519642,L01CA,28731
1519643,L01CA,1769
1519644,L01CA,2025
1519646,L01CA,2010
1519648,C07AA,413
1519649,C07AA,42731
1519650,C07AA,4140
1519651,C07AA,5307
1519652,C07AA,22800
1519653,C07AA,99791
1519655,C07AA,346
1519656,C07AA,4251
1519660,C07AA,242
1519662,C07AA,4270
1519663,S01FA,36800
1519664,S01FA,42610
1519668,S01FA,59651
1519672,S01FA,533
1519677,S01FA,72885
1519678,S01FA,34982
1519680,M01AE,7159
1519681,M01AE,7140
1519682,N02CX,31401
1519683,N02CX,30723
1519684,N02CX,99791
1519686,N02CX,2533
1519691,J05AB,0785
1519692,J05AB,052
1519693,J05AB,05410
1519695,J05AB,054
1519697,J05AB,053
1519699,M01AH,7159
1519700,M01AH,6253
1519701,M01AH,7140
1519702,A06AD,56400
1519703,A06AD,5722
1519704,J02AC,114
1519705,J02AC,110
1519709,C09AA,2504
1519710,C09AA,99791
1519712,A02BA,532
1519713,A02BA,5301
1519714,A02BA,531
1519715,A02BA,53081
1519716,A02BA,533
1519717,M02AA,7020
1519718,M02AA,346
1519719,M02AA,7200
1519721,M02AA,27400
1519724,M02AA,7159
1519726,M02AA,338
1519730,M02AA,6253
1519731,M02AA,7140
1519732,M02AA,460
1519743,C02CA,6000
1519744,C02CA,99791
1519747,C05AA,7099
1519752,C03DB,7895
1519754,C03DB,428
1519755,C03DB,99791
1519756,C03DB,2768
1519757,C03DB,2763
1519758,C03DB,78842
1519762,C07AG,99791
1519765,C07AG,430
1519770,P02CF,6953
1519771,P02CF,1270
1519773,P02CF,1281
1519774,P02CF,1259
1519777,P02CF,1253
1519779,P02CF,1330
1519788,M01AB,7200
1519790,M01AB,27400
1519791,M01AB,7159
1519792,M01AB,7140
1519796,P01BA,084
1519799,P01BA,7140
1519800,P01BA,135
1519801,J04AD,010
1519802,N02AF,338
1519803,C07AB,42731
1519806,C07AB,428
1519807,C07AB,99791
1519813,J04AB,010
1519815,D06AA,0399
1519816,D06AA,0229
1519817,D06AA,0880
1519818,D06AA,023
1519820,D06AA,0010
1519821,D06AA,0052
1519822,D06AA,0770
1519825,D06AA,0270
1519826,D06AA,101
1519827,D06AA,020
1519828,D06AA,073
1519829,D06AA,087
1519831,D06AA,0839
1519832,D06AA,0999
1519835,D06AA,0219
1519836,D06AA,5990
1519837,D06AA,1029
1519840,L01EA,2051
1519843,L01EA,23875
1519849,D07AB,27400
1519850,D07AB,477
1519851,D07AB,70401
1519852,D07AB,7200
1519853,D07AB,4939
1519855,D07AB,2830
1519857,D07AB,6940
1519859,D07AB,9915
1519862,D07AB,5551
1519864,D07AB,7103
1519866,D07AB,3485
1519867,D07AB,72632
1519869,D07AB,22800
1519870,D07AB,27542
1519873,D07AB,7014
1519874,D07AB,208
1519875,D07AB,6970
1519878,D07AB,2021
1519880,D07AB,36011
1519881,D07AB,6944
1519883,D07AB,7104
1519886,D07AB,7910
1519887,D07AB,6960
1519888,D07AB,6962
1519890,D07AB,7140
1519891,D07AB,2875
1519894,D07AB,72783
1519895,D07AB,7100
1519896,D07AB,4465
1519897,D07AB,99980
1519898,D07AB,124
1519899,D07AB,010
1519900,D07AB,5569
1519902,D07AB,72743
1519906,D07AB,2451
1519907,D07AB,69510
1519909,A14AA,338
1519911,C08CA,99791
1519912,C08CA,346
1519913,N05AB,392
1519914,N05AB,30723
1519915,N05AB,2989
1519918,J05AG,042
1519919,R02AB,510
1519923,R02AB,940
1519924,R02AB,1361
1519925,C10AD,440
1519928,C10AD,2652
1519929,C10AD,2692
1519935,M05BA,75651
1519936,M05BA,73300
1519942,S01AB,37230
1519943,S01AB,076
1519947,A07EA,27400
1519949,A07EA,477
1519950,A07EA,3700
1519951,A07EA,7200
1519952,A07EA,5186
1519954,A07EA,4939
1519956,A07EA,3510
1519958,A07EA,6940
1519959,A07EA,36320
1519962,A07EA,3709
1519963,A07EA,5551
1519966,A07EA,7103
1519967,A07EA,018
1519969,A07EA,3485
1519970,A07EA,72632
1519973,A07EA,4465
1519974,A07EA,57142
1519975,A07EA,495
1519976,A07EA,28731
1519977,A07EA,3643
1519979,A07EA,208
1519980,A07EA,5183
1519982,A07EA,2021
1519983,A07EA,36011
1519984,A07EA,37730
1519985,A07EA,6944
1519988,A07EA,725
1519990,A07EA,7910
1519991,A07EA,6960
1519994,A07EA,39890
1519995,A07EA,7140
1519997,A07EA,2875
1519999,A07EA,7102
1520000,A07EA,69515
1520001,A07EA,7100
1520002,A07EA,4467
1520004,A07EA,245
1520005,A07EA,242
1520006,A07EA,124
1520007,A07EA,01300
1520008,A07EA,5569
1520011,A07EA,283
1520012,A07EA,51636
1520014,A07EA,2451
1520015,A07EA,0532
1520016,G01AF,1121
1520021,C10AA,250
1520026,L01BA,1830
1520029,P02CA,1260
1520030,P02CA,1270
1520031,P02CA,1275
1520032,P02CA,1274
1520033,P02CA,1259
1520034,P02CA,0071
1520036,P02CA,1272
1520037,P02CA,1233
1520038,P02CA,1280
1520040,N01BX,7862
1520042,N01BX,7841
1520045,A07AA,1120
1520046,A07AA,6980
1520048,A07AA,1121
1520049,N02AC,338
1520050,L01XX,2550
1520051,J05AF,042
1520054,A12CC,56400
1520055,A12CC,7803
1520057,S01EE,36504
1520058,S01EE,37731
1520059,N06AX,303
1520060,N06AX,3310
1520061,N06AX,79921
1520062,N06AX,290
1520064,N06AX,78052
1520066,N06AX,295
1520069,N07BB,303
1520072,C08DA,33902
1520074,C08DA,99791
1520076,C08DA,4111
1520077,C08DA,4131
1520080,D07XB,7099
1520083,H01CA,6179
1520086,R03AA,4590
1520088,R03AA,74686
1520089,R03AA,458
1520090,R03AA,4644
1520091,R03AA,36513
1520092,R03AA,7802
1520093,R03AA,7089
1520095,R03AA,42741
1520097,N02CC,346
1520100,J01DD,08881
1520101,J01DD,0039
1520102,J01DD,0020
1520103,J01DD,0049
1520104,A10BB,2535
1520107,N06DA,3310
1520108,N06DA,290
1520109,N06DA,33182
1520113,L02BA,7787
1520114,L02BA,1830
1520116,C09CA,2504
1520117,C09CA,428
1520118,C09CA,99791
1520119,C09CA,75982
1520121,N05AC,2989
1520122,N05AC,295
1520123,G01AA,114
1520124,G01AA,115
1520125,G01AA,110
1520127,G01AA,0859
1520128,G01AA,3210
1520130,G01AA,0855
1520132,G01AA,0850
1520137,B01AA,4539
1520139,B01AA,435
1520140,N05CD,7803
1520141,N05CD,3452
1520143,S01AA,3209
1520152,N05CD,78052
1520153,C09AA,99791
1520159,L01DB,2060
1520160,L01DB,2050
1520161,C03CA,7823
1520162,C03CA,99791
1520163,N02CA,33902
1520164,N02CA,346
1520166,M03BX,7242
1520168,M03BX,78052
1520169,M03BX,346
1520170,M03BX,7803
1520172,J01XE,5959
1520173,J01XE,5990
1520174,C03DA,99791
1520175,C03DA,428
1520176,S01EC,36513
1520178,N07BB,303
1520179,N07BB,27800
1520180,N07BB,3055
1520181,J05AG,042
1520182,G04CA,6000
1520183,G04CA,5960
1520185,L01XD,150
1520186,L01XD,53085
1520187,N01AH,3381
1520190,J05AF,042
1520192,M05BA,73300
1520193,R02AX,7200
1520194,R02AX,6253
1520195,R02AX,7159
1520196,R02AX,7140
1520203,N06AB,5641
1520205,N06AB,3003
1520207,N06AB,30981
1520208,N06AB,30275
1520211,S01GX,4939
1520212,G03DC,6179
1520218,C09AA,428
1520219,C09AA,2504
1520220,C09AA,99791
1520221,C09AA,346
1520222,D06BB,07811
1520223,D06BB,054
1520224,D06BB,0780
1520226,A03BB,7862
1520228,N06AA,78052
1520229,N06AA,78836
1520230,C05AE,413
1520231,C05AE,5650
1520232,C05AE,428
1520234,C05AE,5307
1520237,V03AB,34982
1520238,N05AX,29680
1520239,N05AX,79922
1520240,N05AX,295
1520241,N05AX,2989
1520242,D01AE,1104
1520244,A02BC,53081
1520245,A02BC,7871
1520247,R06AE,9946
1520248,R06AE,38610
1520251,N07XX,33520
1520252,S02BA,27400
1520253,S02BA,477
1520254,S02BA,3700
1520255,S02BA,7200
1520257,S02BA,4939
1520260,S02BA,6940
1520261,S02BA,36320
1520265,S02BA,3709
1520266,S02BA,5551
1520269,S02BA,7103
1520270,S02BA,7099
1520272,S02BA,72632
1520275,S02BA,28731
1520276,S02BA,3643
1520278,S02BA,208
1520279,S02BA,5183
1520281,S02BA,2021
1520282,S02BA,36011
1520283,S02BA,37730
1520284,S02BA,6944
1520286,S02BA,7910
1520287,S02BA,6960
1520288,S02BA,39890
1520289,S02BA,7140
1520291,S02BA,2875
1520293,S02BA,69515
1520294,S02BA,72783
1520295,S02BA,7100
1520296,S02BA,124
1520297,S02BA,01300
1520298,S02BA,5569
1520299,S02BA,283
1520300,S02BA,2451
1520301,S02BA,69510
1520302,S02BA,0532
1520303,B05BC,5849
1520304,B05BC,3485
1520305,B05BC,37731
1520309,N06BA,31401
1520312,N06BA,3470
1520313,N06BA,32723
1520314,N06BA,32731
1520316,S01FA,9946
1520319,R06AA,477
1520322,R06AA,7089
1520324,R06AA,7083
1520326,M01AB,7159
1520327,M01AB,3381
1520328,M01AB,7140
1520330,N03AB,7803
1520342,J01AA,6953
1520343,J01AA,0399
1520344,J01AA,0229
1520347,J01AA,0880
1520348,J01AA,023
1520349,J01AA,0990
1520351,J01AA,0010
1520352,J01AA,0770
1520353,J01AA,0069
1520354,J01AA,04149
1520355,J01AA,0992
1520359,J01AA,0270
1520360,J01AA,0991
1520361,J01AA,101
1520362,J01AA,098
1520363,J01AA,073
1520364,J01AA,020
1520365,J01AA,0830
1520366,J01AA,087
1520369,J01AA,0049
1520372,J01AA,0979
1520373,J01AA,076
1520374,J01AA,0219
1520375,J01AA,0811
1520376,J01AA,5990
1520377,J01AA,1029
1520378,J01AA,0052
1520381,J01DH,3209
1520382,B05XA,2768
1520383,L01CE,150
1520387,L01CE,157
1520388,L01CE,1519
1520389,L01CE,1830
1520402,R01AC,4770
1520404,G04BE,7470
1520405,G04BE,4430
1520414,L01CB,2050
1520417,L01CB,2030
1520419,L01CB,209
1520420,L01CB,2000
1520421,L01CB,1830
1520422,L01CB,185
1520427,C03AA,7823
1520428,C03AA,99791
1520430,N03AF,7803
1520433,N06AF,29680
1520436,S03AA,3200
1520437,S03AA,3209
1520438,S03AA,5990
1520440,A03AB,533
1520446,G03CA,25631
1520447,G03CA,185
1520448,G03CA,655
1520450,M01AG,6253
1520451,D06BB,3510
1520452,D06BB,052
1520453,D06BB,0543
1520454,D06BB,054
1520455,D06BB,053
1520456,D06BB,0542
1520457,D06BB,0785
1520458,G02CC,27400
1520459,G02CC,346
1520460,G02CC,7200
1520461,G02CC,7149
1520462,G02CC,7245
1520463,G02CC,7260
1520464,G02CC,78060
1520465,G02CC,7840
1520467,G02CC,6253
1520468,G02CC,7159
1520469,G02CC,338
1520470,G02CC,7140
1520473,C09AA,2504
1520474,C09AA,99791
1520477,C09AA,428
1520479,N03AA,7803
1520482,A07EC,5551
1520485,A07EC,7140
1520492,D06AX,37230
1520498,D06AX,684
1520499,D06AX,3700
1520500,D06AX,37040
1520501,D06AX,3209
1520504,D06AX,68601
1520505,D06AX,7063
1520507,D06AX,3739
1520513,A03AA,5641
1520517,C03BA,99791
1520518,C03BA,5920
1520522,M01AC,7159
1520526,M01AC,7140
1520527,R03AB,4939
1520529,R03AB,491
1520530,R03AB,492
1520532,S01EC,7823
1520534,S01EC,7803
1520535,S01EC,2763
1520536,S01EC,36513
1520538,G04BE,6000
1520541,P03AA,303
1520552,N05BA,79921
1520555,N05BA,3452
1520557,N05AB,2989
1520558,N05AB,295
1520560,J01DC,5990
1520563,R06AB,460
1520564,R06AB,477
1520566,R06AB,4770
1520567,A07DA,78791
1520568,A07DA,0092
1520569,D07AB,7099
1520571,C01CA,428
1520572,C01CA,4140
1520573,N05BA,79921
1520576,N06DA,2904
1520577,N06DA,33182
1520578,N06DA,3310
1520579,D07AC,7099
1520582,N05AB,79921
1520584,N05AB,295
1520585,L01AX,2010
1520587,R01BA,6073
1520594,D01AE,72885
1520597,D01BA,1110
1520598,D01BA,1171
1520600,D01BA,1104
1520601,M01CC,9849
1520605,A01AC,6953
1520607,A01AC,27400
1520608,A01AC,3700
1520609,A01AC,7200
1520610,A01AC,5186
1520613,A01AC,3510
1520615,A01AC,6940
1520616,A01AC,36320
1520620,A01AC,37230
1520621,A01AC,3709
1520623,A01AC,5551
1520626,A01AC,7103
1520628,A01AC,3485
1520629,A01AC,72632
1520631,A01AC,4939
1520633,A01AC,0532
1520634,A01AC,495
1520635,A01AC,51631
1520636,A01AC,28731
1520637,A01AC,3643
1520639,A01AC,208
1520640,A01AC,5183
1520642,A01AC,2021
1520643,A01AC,36011
1520644,A01AC,37730
1520645,A01AC,6944
1520649,A01AC,725
1520650,A01AC,7910
1520651,A01AC,6960
1520652,A01AC,01190
1520655,A01AC,7140
1520657,A01AC,4770
1520658,A01AC,2875
1520660,A01AC,7102
1520661,A01AC,69515
1520662,A01AC,72783
1520663,A01AC,7100
1520664,A01AC,124
1520665,A01AC,010
1520666,A01AC,01300
1520667,A01AC,5569
1520670,A01AC,283
1520672,A01AC,2451
1520676,N02BA,7159
1520677,N02BA,7140
1520680,A02BA,7200
1520681,A02BA,532
1520682,A02BA,531
1520683,A02BA,53081
1520685,A02BA,7871
1520686,A02BA,7159
1520687,A02BA,533
1520688,A02BA,7140
1520690,L04AD,27950
1520693,L04AD,68601
1520694,L04AD,7140
1520695,L04AD,70901
1520698,R05DB,7862
1520699,S01EC,36504
1520702,S01BA,6953
1520703,S01BA,37230
1520705,S01BA,0532
1520708,N05AF,295
1520709,C09CA,428
1520710,C09CA,2504
1520711,C09CA,99791
1520713,S01XA,27950
1520714,S01XA,5164
1520718,J05AF,042
1520720,C03AA,7823
1520721,C03AA,99791
1520722,C09AA,428
1520723,C09AA,2504
1520724,C09AA,99791
1520726,C05AE,413
1520727,C05AE,4140
1520728,C05AE,428
1520729,C05AE,99791
1520730,M05BA,73300
1520732,C03CA,7823
1520734,L01AA,2041
1520735,L01AA,2010
1520736,L01AA,2000
1520737,L01AA,2021
1520738,L01AA,2384
1520739,L01AA,51181
1520745,N05CD,78052
1520747,D08AX,4251
1520748,J05AF,042
1520749,C03CC,7895
1520750,C03CC,7469
1520751,C03CC,7823
1520752,C03CC,581
1520755,S01EE,36504
1520756,S01EE,37731
1520757,N03AG,7803
1520758,C01BA,42732
1520759,C01BA,0840
1520761,N03AX,7803
1520763,P01AB,0069
1520765,P01AB,0071
1520767,P01AB,0999
1520768,P01AB,1319
1520770,N04BB,4370
1520771,N04BB,392
1520774,N04BB,487
1520775,N04BB,3320
1520778,N04BB,33394
1520780,J01XD,6953
1520781,J01XD,0069
1520783,J01XD,7907
1520787,J01XD,0070
1520791,J01XD,0052
1520792,J01XD,510
1520794,J01XD,0071
1520797,J01XD,5130
1520798,J01XD,3229
1520802,J01XD,56971
1520804,J01XD,037
1520807,J01XD,5720
1520810,N02CC,346
1520812,N02AE,3055
1520813,M03BX,72885
1520816,C04AX,78820
1520818,A02BA,532
1520820,A02BA,7871
1520823,A02BA,533
1520825,L01BC,2050
1520827,L01BC,23875
1520830,G02AD,531
1520832,G02AD,632
1520833,G02AD,666
1520837,J05AE,042
1520838,N06AA,79921
1520840,N06AA,3004
1520842,N06AA,29680
1520845,S01BC,7020
1520847,S01BC,0780
1520849,S01BC,7063
1520850,R03AC,4939
1520852,R03AC,49381
1520853,M01AG,27400
1520854,M01AG,7200
1520855,M01AG,78060
1520858,M01AG,7159
1520859,M01AG,6253
1520860,M01AG,7140
1520862,N02BA,79921
1520863,N02BA,7149
1520869,N02BA,78060
1520870,N02BA,7840
1520873,N02BA,346
1520874,N02BA,4461
1520877,N02BA,338
1520879,N02BA,2384
1520881,N02BA,7140
1520884,N02BA,7100
1520885,N02BA,30781
1520886,N02BA,4539
1520887,N02BA,435
1520889,N03AX,3452
1520890,R06AX,477
1520892,R06AX,4770
1520893,J04AC,010
1520896,N02CC,3460
1520897,N02CC,3460
1520898,R05DA,7862
1520899,R05DA,3381
1520909,H02AB,6953
1520910,H02AB,27400
1520913,H02AB,3700
1520914,H02AB,70401
1520915,H02AB,7200
1520917,H02AB,4939
1520920,H02AB,6940
1520921,H02AB,7260
1520922,H02AB,36320
1520926,H02AB,3709
1520927,H02AB,2550
1520932,H02AB,7823
1520933,H02AB,3485
1520934,H02AB,72632
1520937,H02AB,27542
1520938,H02AB,28731
1520940,H02AB,3643
1520942,H02AB,7014
1520943,H02AB,208
1520944,H02AB,6970
1520946,H02AB,5183
1520948,H02AB,2021
1520950,H02AB,36011
1520951,H02AB,37730
1520952,H02AB,6944
1520954,H02AB,7104
1520955,H02AB,6960
1520956,H02AB,6962
1520957,H02AB,5551
1520958,H02AB,7140
1520960,H02AB,135
1520961,H02AB,4770
1520962,H02AB,2875
1520964,H02AB,69515
1520965,H02AB,72783
1520966,H02AB,7100
1520967,H02AB,4465
1520968,H02AB,99980
1520969,H02AB,124
1520970,H02AB,010
1520971,H02AB,01300
1520972,H02AB,5569
1520974,H02AB,283
1520977,H02AB,2451
1520978,H02AB,7103
1520979,H02AB,0532
1520980,C07AA,413
1520981,C07AA,42731
1520983,C07AA,99791
1520984,N05CF,78052
1520987,S01EA,36504
1520990,C09CA,2504
1520991,C09CA,428
1520992,C09CA,99791
1520995,R06AX,4770
1520996,C02AB,99791
1520998,A03AE,5641
1521001,L01DA,1830
1521005,D01AE,69011
1521006,D01AE,1110
1521007,D01AE,7063
1521008,R06AX,4770
1521012,B01AC,4140
1521016,J01MA,5990
1521018,N05CH,78052
1521019,D10AD,6953
1521020,D10AD,2021
1521022,D10AD,2022
1521023,R03CC,4939
1521026,R03CC,49381
1521028,R06AA,3860
1521029,R06AA,9946
1521032,D11AA,427
1521035,D11AA,533
1521040,L01BC,2050
1521041,L01BC,2000
1521043,C01CA,427
1521044,C01CA,78550
1521045,N06DA,33182
1521046,M01AE,7159
1521047,M01AE,7140
1521049,L01XD,7020
1521051,L04AX,5551
1521052,L04AX,340
1521053,L04AX,28731
1521057,L04AX,7140
1521059,B05CA,5722
1521060,B05CA,0092
1521062,M01CB,7140
1521063,N02BF,7803
1521067,L01DB,2050
1521069,L01DB,1519
1521071,L01DB,2010
1521073,L01DB,2030
1521074,L01DB,2021
1521076,L01DB,1830
1521077,L01DB,2022
1521080,L01DB,2733
1521082,N02CC,346
1521083,N02CC,3460
1521084,N02CC,3461
1521088,C03AA,428
1521089,C03AA,2535
1521090,C03AA,7823
1521091,C03AA,99791
1521093,C03AA,581
1521094,C03AA,6254
1521099,R03CC,49381
1521100,R03CC,2767
1521101,R01AC,4939
1521102,R01AC,37213
1521103,R01AC,49381
1521104,R01AC,37040
1521106,R01AC,4770
1521108,S01AD,0785
1521110,S01AD,0532
1521111,L01XX,23871
1521116,L01XX,2384
1521117,L01XX,28260
1521122,G01AF,1121
1521123,L01AB,23871
1521124,L01AB,2384
1521125,L01AB,2051
1521126,M02AA,7200
1521127,M02AA,346
1521128,M02AA,7159
1521129,M02AA,338
1521130,M02AA,6253
1521131,M02AA,7140
1521132,V04CX,3580
1521135,H05BX,27542
1521136,J01EC,023
1521137,J01EC,0049
1521143,J01AA,0880
1521144,J01AA,023
1521146,J01AA,0990
1521147,J01AA,0010
1521148,J01AA,0770
1521149,J01AA,0992
1521150,J01AA,0991
1521153,J01AA,020
1521154,J01AA,073
1521155,J01AA,0830
1521156,J01AA,087
1521158,J01AA,0839
1521161,J01AA,076
1521162,J01AA,0219
1521163,J01AA,0811
1521164,C02AC,31401
1521165,C02AC,30723
1521166,C02AC,99791
1521167,C02AC,346
1521168,N07AB,59654
1521169,C01DA,413
1521171,B02BA,7760
1521172,C08CA,99791
1521173,H02CA,1160
1521174,H02CA,1125
1521175,H02CA,1172
1521177,H02CA,114
1521178,H02CA,69011
1521179,H02CA,2550
1521180,H02CA,115
1521181,H02CA,1161
1521182,H02CA,7063
1521183,C09CA,2504
1521184,C09CA,99791
1521186,L01CE,2050
1521188,M04AB,27400
1521194,L01BB,5551
1521195,L01BB,57142
1521196,L01BB,5569
1521197,C01BA,4270
1521199,G04BD,59651
1521200,N04BD,31401
1521202,N04BD,3320
1521205,L04AX,2030
1521206,L04AX,5282
1521207,L04AX,2733
1521208,L01AA,27730
1521209,L01AA,2030
1521211,N06DX,3310
1521214,J04AB,018
1521216,A06AX,56400
1521218,C05AA,7099
1521221,J05AF,042
1521222,C04AE,317
1521223,G02CC,7200
1521224,G02CC,2770
1521225,G02CC,78060
1521226,G02CC,531
1521227,G02CC,27400
1521228,G02CC,7840
1521230,G02CC,6253
1521231,G02CC,346
1521232,G02CC,7159
1521233,G02CC,3381
1521234,G02CC,7470
1521236,G02CC,7140
1521237,J01CE,0399
1521238,J01CE,390
1521239,J01CE,0229
1521241,J01CE,04041
1521243,J01CE,510
1521245,J01CE,101
1521246,J01CE,0400
1521247,J01CE,098
1521248,J01CE,026
1521249,J01CE,0270
1521250,J01CE,3229
1521251,J01CE,0360
1521252,J01CE,0272
1521255,J01CE,0979
1521256,J01CE,037
1521257,S01EB,37800
1521259,S01EB,36513
1521260,P02BA,1239
1521261,P02BA,1231
1521262,P02BA,1213
1521263,P02BA,1214
1521264,P02BA,1209
1521265,J01MA,5959
1521266,J01MA,0092
1521268,J01MA,59080
1521269,J01CA,3829
1521273,J01CA,5990
1521274,G04BD,59651
1521277,C01CA,4275
1521279,C01CA,428
1521281,C01CA,78551
1521282,C01CA,78552
1521283,C01CA,7802
1521285,N05CH,78052
1521289,N03AE,7803
1521291,N03AE,30723
1521294,N03AE,32742
1521295,N03AE,33394
1521298,N03AE,29680
1521301,R06AD,7862
1521302,R06AD,7083
1521303,R06AD,9946
1521305,R06AD,4770
1521307,R06AD,99980
1521309,J05AE,042
1521311,D04AA,477
1521315,D04AA,78052
1521316,D04AA,9946
1521319,D04AA,4770
1521321,D04AA,7089
1521322,D04AA,7083
1521323,C10AA,413
1521335,A06AX,5641
1521336,N03AG,3456
1521337,N03AG,7803
1521338,N03AG,3452
1521339,A07DA,78791
1521340,J01GA,7907
1521342,J01GA,0990
1521344,J01GA,487
1521345,J01GA,0992
1521346,J01GA,3860
1521348,J01GA,020
1521350,J01GA,010
1521351,J01GA,0219
1521352,J01GA,5990
1521353,A08AB,27800
1521356,S01EB,36504
1521357,S01EB,36513
1521359,C05AD,455
1521361,C05AD,30275
1521362,C05AD,7841
1521363,C05AD,69271
1521364,C05AD,5207
1521366,C05AD,6982
1521367,P01BA,084
1521368,P01BA,0841
1521370,D01AE,1110
1521371,D01AE,1104
1521372,M02AX,5951
1521373,C10AA,440
1521379,L04AA,7140
1521380,C10AA,440
1521388,D01AE,1125
1521389,D01AE,110
1521391,D01AE,1129
1521394,L01BC,150
1521395,L01BC,1519
1521397,N06AB,30751
1521400,N06AB,3003
1521402,N06AB,30981
1521405,S01GX,477
1521406,B01AB,286
1521407,B01AB,2866
1521408,B01AB,5951
1521411,B01AB,4539
1521413,B01AB,4111
1521416,A01AB,6910
1521418,A01AB,1110
1521419,A01AB,1104
1521420,A01AB,1121
1521425,S01AA,098
1521426,S01AA,684
1521427,S01AA,08881
1521429,S01AA,3229
1521431,S01AA,5990
1521433,R06AB,477
1521435,R06AB,7862
1521436,R06AB,4770
1521438,C08CA,5300
1521440,C08CA,99791
1521444,C08CA,4430
1521446,C08CA,4131
1521447,P01AX,0840
1521449,P01AX,1300
1521450,C01BD,42731
1521452,C01BD,42741
1521456,G04CB,6000
1521458,G01AF,1110
1521459,G01AF,1104
1521461,A02BC,532
1521462,A02BC,531
1521463,A02BC,53081
1521464,A02BC,7871
1521466,D07AC,7099
1521467,P01BB,0840
1521469,C07AG,42731
1521471,C07AG,99791
1521472,C07AG,428
1521473,J01MA,020
1521478,J01DB,5990
1521480,J02AX,1173
1521482,J02AX,110
1521483,J02AX,5679
1521485,J02AX,1129
1521486,D04AX,79921
1521487,D04AX,29680
1521490,D04AX,78052
1521498,S01EC,36504
1521500,R06AA,477
1521505,J01CF,73020
1521507,G04BD,5959
1521508,G04BD,6019
1521510,G04BD,5990
1521514,J01DC,5990
1521515,N06AA,3071
1521516,N06AA,30751
1521518,N06AA,2506
1521519,N06AA,78052
1521520,N06AA,5641
1521521,N06AA,3382
1521527,J01MA,098
1521529,N06AX,31401
1521530,N06AX,27800
1521536,G04CA,6000
1521537,G04CA,99791
1521539,A12AA,2767
1521540,A12AA,27541
1521541,A12AA,7817
1521542,S02AA,3829
1521547,S02AA,37230
1521549,S02AA,0309
1521552,S02AA,6019
1521554,S02AA,0092
1521555,S02AA,3700
1521557,J02AC,1173
1521558,J02AC,1160
1521559,J02AC,1172
1521560,J02AC,1119
1521561,J02AC,115
1521562,J02AC,110
1521564,J02AC,1161
1521566,J02AC,114
1521567,J02AC,1171
1521568,J02AC,1121
1521569,L01XB,2000
1521573,J01GB,04149
1521575,N03AA,79921
1521576,N03AA,78031
1521578,N03AA,78052
1521579,N03AA,7803
1521583,N06AB,3003
1521584,R06AE,346
1521585,R06AE,9946
1521586,L01DB,2050
1521587,D06BB,07811
1521588,L01AA,188
1521592,L01AA,2010
1521593,L01AA,157
1521594,L01AA,2000
1521595,L01AA,1830
1521600,C01BC,42731
1521603,A06AH,3055
1521606,A06AH,78552
1521612,N04BC,3320
1521614,D01AE,1110
1521615,D01AE,1104
1521617,D10AF,08882
1521620,D10AF,0840
1521622,D10AF,1309
1521624,N02AA,79921
1521626,C07AB,99791
1521628,S01EC,36504
1521629,C01BC,42731
1521630,C01BC,4270
1521631,C09AA,2551
1521633,C09AA,428
1521634,C09AA,2504
1521635,C09AA,99791
1521637,C09AA,4430
1521638,N05CF,78052
1521640,N04BC,3320
1521643,N04BC,33392
1521644,J04AB,010
1521646,N03AX,3459
1521647,N03AX,7803
1521648,C07AA,413
1521649,C07AA,42731
1521650,C07AA,5307
1521651,C07AA,99791
1521652,C07AA,346
1521653,C07AA,242
1521656,L01DB,2050
1521657,L01DB,2010
1521658,L01DB,2000
1521661,L01AD,2396
1521662,S01ED,36504
1521663,S01ED,36513
1521666,J01FA,0880
1521669,J01FA,08881
1521670,J01FA,0319
1521671,J01FA,3829
1521672,J01FA,0330
1521675,J01DD,7907
1521678,J01DD,0990
1521680,J01DD,09840
1521685,J01DD,3209
1521687,J01DD,0020
1521688,J01DD,7110
1521689,J01DD,0049
1521691,J01DD,0979
1521692,J01DD,0402
1521693,S01ED,36504
1521694,S01ED,36513
1521695,N05CD,78052
1521696,G04CB,7040
1521697,G04CB,6000
1521698,G04CB,7041
1521703,A07AA,0052
1521704,A07AA,5722
1521705,A07AA,5641
1521706,A07AA,0092
1521707,A07EA,477
1521709,A07EA,4939
1521712,A07EA,471
1521713,A07EA,5569
1521715,R03DA,490
1521716,R03DA,4939
1521717,R03DA,491
1521721,N05AH,30981
1521722,N05AH,2989
1521723,N05AH,295
1521724,N05AH,29680
1521728,L01CD,150
1521730,L01CD,1769
1521732,L01CD,1519
1521733,L01CD,1830
1521734,J05AE,042
1521736,A03FA,53081
1521737,A03FA,5363
1521738,A03FA,7868
1521739,A03FA,346
1521742,A01AC,6953
1521743,A01AC,27400
1521744,A01AC,3829
1521747,A01AC,70401
1521748,A01AC,7200
1521750,A01AC,4939
1521753,A01AC,6940
1521754,A01AC,7260
1521755,A01AC,36320
1521759,A01AC,3709
1521760,A01AC,2550
1521766,A01AC,3485
1521767,A01AC,72632
1521770,A01AC,27542
1521771,A01AC,28731
1521773,A01AC,3643
1521775,A01AC,7014
1521776,A01AC,208
1521777,A01AC,6970
1521779,A01AC,5183
1521781,A01AC,2030
1521782,A01AC,2021
1521784,A01AC,36011
1521785,A01AC,37730
1521786,A01AC,6944
1521788,A01AC,5551
1521789,A01AC,7140
1521791,A01AC,135
1521792,A01AC,4770
1521793,A01AC,2875
1521795,A01AC,69515
1521796,A01AC,72783
1521797,A01AC,7100
1521798,A01AC,124
1521799,A01AC,010
1521800,A01AC,01300
1521801,A01AC,5569
1521803,A01AC,283
1521806,A01AC,2451
1521807,A01AC,0532
1521808,N04BA,3320
1521811,N04BA,33394
1521813,N05AX,79922
1521815,N05AX,2989
1521817,N05AX,295
1521818,N05AX,30723
1521819,N05AX,29680
1521822,C10AB,2721
1521825,N06AA,3003
1521827,R06AD,7862
1521830,L01CD,150
1521835,A07EC,5569
1521836,G02AB,4590
1521837,G02AB,4131
1521839,L01EA,2051
1521840,N06BA,31401
1521843,L04AA,3580
1521844,L04AA,3410
1521846,D07AB,7099
1521849,L01BC,2050
1521850,L01BC,23875
1521853,J02AC,114
1521854,J02AC,110
1521857,J02AC,1173
1521858,J02AC,1129
1521859,J05AE,042
1521861,D06BB,07811
1521863,N05AX,2989
1521864,N05AX,295
1521868,S01LA,3620
1521870,S01LA,36250
1521874,C02DB,428
1521883,H01BB,666
1521885,H01AA,27400
1521886,H01AA,390
1521888,H01AA,7200
1521889,H01AA,3510
1521891,H01AA,37230
1521892,H01AA,3709
1521894,H01AA,7103
1521896,H01AA,7100
1521897,H01AA,581
1521898,H01AA,36011
1521899,H01AA,37730
1521901,H01AA,6944
1521902,H01AA,4460
1521903,H01AA,6960
1521904,H01AA,7140
1521905,H01AA,7010
1521907,H01AA,5569
1521910,H01AA,7200
1521911,H01AA,36320
1521913,H01AA,3709
1521914,H01AA,69510
1521915,H01AA,27400
1521916,H01AA,3456
1521917,H01AA,3643
1521919,H01AA,581
1521920,H01AA,37730
1521921,H01AA,7104
1521922,H01AA,6960
1521923,H01AA,7140
1521926,H01AA,69515
1521927,H01AA,7100
1521936,A10AB,250
1521937,A10AB,2501
1521941,A10AB,250
1521943,J05AE,042
1521944,N03AB,7803
1521945,N03AB,3452
1521946,N06AX,79921
1521948,N06AX,8625
1521950,N06AX,78052
1521951,N06AX,3003
1521954,N06AX,3008
1521956,C03AA,7823
1521957,C03AA,99791
1521959,J01DB,5990
1521965,J01DB,6019
1521968,J01DC,5990
1521969,J01DC,098
1521971,J01DC,6149
1521973,J01DC,0389
1521977,J01DC,5990
1521980,J01DC,487
1521982,J01DC,5130
1521983,J01DC,6149
1521985,J01DC,5679
1521988,C09AA,428
1521989,C09AA,99791
1521990,V03AE,2767
1521999,R01AA,4939
1522001,R01AA,3580
1522002,R01AA,3470
1522003,N04BD,3320
1522007,A02AA,7871
1522062,B05CB,7871
1522063,B05CB,2767
1522064,B05CB,2762
1522066,B05CB,78900
1522069,C10AB,2721
1522072,M04AC,1361
1522073,M04AC,27731
1522074,M04AC,274
1522077,G03AC,6266
1522079,G03AC,6179
1522080,G03AC,7041
1522082,G03AC,6253
1522088,S01EB,3580
1522096,N05AA,30012
1522097,N05AA,79921
1522098,N05AA,29680
1522101,N05AA,3536
1522103,N05AA,295
1522104,N05AA,3310
1522105,N05AA,3501
1522106,G03XA,2830
1522107,G03XA,6179
1522108,G03XA,6101
1522112,R01AD,4939
1522114,R01AD,4770
1522118,J01DE,3209
1522120,J01DE,59080
1522125,J01DD,098
1522126,J01DD,3829
1522131,B01AA,435
1522133,A07AA,5722
1522135,C10AC,440
1522139,A11CC,27541
1522140,N05CC,30781
1522142,A07DA,78791
1522143,N05BA,79921
1522146,A07BC,6910
1522147,N06BA,31401
1522148,N06BA,3470
1522149,N06BA,31401
1522150,N06BA,3470
1522151,A05AA,5716
1522153,N05CD,78052
1522154,G04BD,59651
1522165,N05CD,78052
1522166,N05CD,7803
1522180,M01AE,7159
1522181,M01AE,7140
1522186,J01CG,6149
1522187,J01CG,5679
1522190,J01CG,99731
1522191,J01CG,59080
1522194,N05AC,2989
1522196,J05AB,0785
1522199,P01BA,084
1522201,P01BA,0830
1522202,P01BA,7140
1522203,P01BA,7102
1522204,P01BA,7100
1522205,N05AE,295
1522206,R06AB,487
1522208,R06AB,460
1522209,N05AC,295
1522212,N05AF,295
1522214,N05AF,295
1522216,A06AG,56400
1522218,C01EB,7149
1522219,C01EB,7245
1522220,C01EB,9249
1522223,C01EB,69271
1522224,C01EB,460
1522225,C01EB,940
1522230,V06DC,2512
1522234,A05AA,27786
1522245,D08AE,7841
1522258,V06DC,78900
1522260,A09AB,7840
1522261,A09AB,7871
1522262,A09AB,5920
1522266,L01AC,51181
1522272,D08AH,7099
1522277,D08AH,1129
1522280,D08AH,6980
1522282,D08AH,68600
1522284,D08AH,1104
1522285,J05AX,042
1522286,R05DB,7862
1522288,A03AB,533
1522289,N07XX,30723
1522290,N07XX,33382
1522291,N07XX,3334
1522293,N07XX,392
1522295,C01BD,42731
1522296,C07AB,99791
1522300,A08AA,27800
1522305,C01DX,428
1522306,G02CX,30271
1522310,C08CA,99791
1522311,P03AC,1330
1522316,N05AX,295
1522317,D06BX,7020
1522322,N04BC,3320
1522326,B02BX,28731
1522327,A02BC,7871
1522329,D08AG,940
1522331,N03AX,7803
1522333,L04AA,6960
1522334,L04AC,6960
1522335,H05AA,27541
1522336,A05AA,5716
1522338,N05AX,295
1522339,N05AX,29680
1522341,N05AD,295
1522342,N03AX,7803
1522344,N02CX,346
1522351,N02AX,2506
1522354,G04CA,6000
1522356,B02BX,2875
1522360,J01DH,59080
1522361,C03XA,75313
1522363,N05AH,295
1522364,N05AH,29680
1522365,C01BG,42731
1522366,N03AX,7803
1522367,N03AX,3452
1522375,N07BB,303
1522377,L04AC,4465
1522381,R06AE,4770
1522382,H05AA,73300
1522393,J01XA,99731
1522397,A14AA,23876
1522399,N06BA,3470
1522400,N06BA,32731
1522404,A06AX,56400
1522407,L01EX,2050
1522408,L01EX,2026
1522414,P01BA,0841
1522417,N07XX,340
1522420,M05BX,E887
1522424,L01FA,2041
1522425,N04BD,3320
1522426,A10BJ,27800
1522430,L04AB,6960
1522433,D04AA,477
1522435,D04AA,4770
1522437,D04AA,460
1522442,N07CA,3860
1522445,N06BA,31401
1522446,G04BD,59651
1522450,V08CA,44401
1522451,V04CX,4939
1522457,L02AE,6179
1522460,A02AB,7871
1522463,A02AC,7871
1522470,G04BA,2763
1522471,L01AA,2041
1522472,L01AA,2733
1522477,M02AB,7149
1522478,M02AB,7245
1522479,M02AB,9249
1522480,M02AB,72982
1522485,B01AB,286
1522491,V03AB,9851
1522492,V03AB,9849
1522493,D07AD,7099
1522502,S01GX,37213
1522504,J01XX,5990
1522507,S01BC,338
1522508,C05BB,45981
1522514,J05AJ,042
1522516,D01AC,1110
1522517,D01AC,1104
1522518,B01AB,286
1522522,S01EE,36504
1522523,S01EE,36513
1522526,D09AA,52100
1522529,B01AB,286
1522532,B01AB,4111
1522536,N05AE,295
1522538,S01EE,36504
1522539,R07AX,2770
1522540,C09CA,99791
1522546,J05AG,042
1522547,H01AC,2726
1522552,L01EJ,23876
1522553,L04AA,340
1522555,N03AX,7803
1522556,V08CA,5739
1522558,S01LA,3620
1522559,S01LA,36250
1522561,L01XG,2733
1522562,A06AX,5641
1522563,A06AX,56400
1522564,G04BD,59651
1522573,L04AB,6960
1522576,R03BA,4939
1522580,R03BA,4770
1522582,A10BK,5856
1522584,L04AX,340
1522585,A16AX,2706
1522588,J05AJ,042
1522591,D01AC,1104
1522593,R06AE,477
1522595,R06AE,9946
1522596,R06AE,4770
1522597,R06AE,460
1522600,A02AD,53081
1522601,A02AD,578
1522602,A02AD,7871
1522603,A02AD,2520
1522604,A02AD,5920
1522605,A02AD,533
1522606,A06AG,56400
1522607,C09XA,99791
1522609,L04AC,7200
1522610,L04AC,6960
1522612,P01CX,0851
1522613,P01CX,0855
1522614,P01CX,0069
1522615,P01CX,0850
1522617,N05CM,78052
1522618,L01FF,2010
1522636,L01EL,2041
1522637,L01EL,2004
1522638,L01EL,2733
1522643,N03AX,340
1522644,V03AX,042
1522647,N05CH,32731
1522659,L01EX,51631
1522665,M01AX,5301
1522666,A03AA,5641
1522667,A03AX,5641
1522668,A03AX,5769
1522672,J05AJ,042
1522675,G04BX,56400
1522676,G04BX,7871
1522677,G04BX,78900
1522678,B05AA,27652
1522679,B03XA,2859
1522686,L03AB,340
1522688,G03DB,338
1522691,A12BA,5920
1522693,G03GA,75251
1522695,N05AX,295
1522702,V09BA,75651
1522703,V03AN,2859
1522704,V03AN,79902
1522705,V03AN,199
1522706,V03AN,346
1522709,V03AN,5199
1522710,V03AN,78057
1522714,V09AX,3310
1522716,V09AX,3310
1522717,V09AX,3310
1522719,V03AN,7020
1522720,V03AN,0781
1522721,B05CB,37120
1522722,B05CB,27651
1522724,B05CB,7871
1522725,V09GA,4140
1522728,V09DA,57510
1522729,V09BA,578
1522732,C08CA,99791
1522733,V03AB,2897
1522736,B05AA,78550
1522743,C01EB,346
1522744,A07DA,5641
1522746,M01CB,7141
1522747,M01CB,6960
1522748,M01CB,7140
1522754,A06AD,56400
1522761,J05AF,042
1522762,M01AX,7149
1522763,M01AX,7245
1522764,M01AX,840
1522769,C10AX,4111
1522771,C10AX,440
1522773,B02BD,4590
1522774,L04AA,27950
1522775,L04AA,23875
1522776,V09FX,5937
1522777,J01CE,0229
1522781,J01CE,035
1522783,J01CE,101
1522785,J01CE,1039
1522787,J01CE,026
1522789,J01CE,0341
1522790,J01CE,0919
1522792,J01CE,1029
1522798,J01CG,E9283
1522806,A12CD,52100
1522808,V09GX,4140
1522812,L01FC,2030
1522813,V03AN,79902
1522814,V06DC,2512
1522815,D04AB,7099
1522816,D04AB,455
1522831,B05XA,2762
1522832,B05XA,27651
1522833,B05XA,78791
1522834,B05XA,9779
1522837,B05XA,940
1522841,A06AG,56400
1522849,A06AD,7871
1522850,A06AD,5920
1522851,A06AD,78900
1522852,A01AA,52100
1522853,R06AX,4770
1522854,D02BA,69271
1522857,V09IX,4140
1522859,V09IX,199
1522860,V09IX,7803
1522883,A10AE,250
1522886,L01XG,2030
1522893,J07BK,052
1522894,J07BK,053
1522897,J07AM,0330
1522898,J07AM,037
1522900,J07BL,060
1522907,D08AX,7021
1522908,A01AA,52100
1522909,A12AA,27541
1522911,A12CC,346
1522914,A12AA,27541
1522918,A06AC,56400
1522926,P03BX,69271
1522931,B02BD,4590
1522932,B02BD,4329
1522943,L01XX,2041
1522944,N06BX,27800
1522952,J06BB,28731
1522955,J06BB,037
1522956,B02BD,4590
1522963,R06AX,477
1522964,R06AX,7089
1522970,N04BX,3320
1522971,N07XX,3583
1522973,N07XX,3470
1522974,N07XX,4259
1522976,G02CX,30271
1522977,S01EE,37731
1522979,L01EL,2041
1522980,L01EL,2004
1522983,N04CX,3320
1522985,A06AX,5641
1522992,C01CX,458
1522995,M05BX,73300
1522998,C10AX,440
1523000,N05CM,78052
1523001,L01XJ,2050
1523005,B02BX,2875
1523007,B02BX,28731
1523008,J05AX,0501
1523009,J05AX,0785
1523010,N07XX,3334
1523012,N07XX,33520
1523013,P02BX,1213
1523014,G04BD,78830
1523015,B03XA,2859
1523024,L01EJ,23876
1523025,C05AD,53081
1523029,J01GB,59080
1523035,D06AX,684
1523036,A06AD,56400
1523038,B02BX,28731
1523041,J06BC,0052
1523042,V09IX,185
1523044,J05AX,0462
1523048,M09AX,3351
1523049,A06AX,56400
1523052,L03AA,28800
1523057,B03AA,280
1523058,G01AB,0069
1523059,R02AA,7841
1523063,M02AA,7089
1523069,M02AA,7063
1523070,M02AA,69271
1523072,M02AA,70581
1523073,M02AA,940
1523077,A02AD,7871
1523078,A02AD,78900
1523081,A05BA,6254
1523111,S01EX,37731
1523128,N02BA,7862
1523129,N02BA,78060
1523130,N02BA,7840
1523131,N02BA,7841
1523149,N02CD,346
1523150,N02CD,346
1523151,N02CD,346
1523152,N02CD,33902
1523153,N02CD,346
1523155,V03AE,2767
1523160,B03AA,280
1523161,B03AA,280
1523162,B05XA,2768
1523178,V03AE,280
1523216,L01FC,2030
1523218,J01DI,59080
1523220,B06AX,28260
1523222,L01EL,2004
1523225,N02CD,3460
1523226,N02CD,3461
1523229,V09IX,209
1523230,M09AX,3351
